publie_le,fixture_id,date_match,ligue,dom,ext,prono_principal,code_principal,badge,confiance,prono_buts,code_buts,confiance_buts,scores_top3,btts,p1,pN,p2,pO25,score_reel,prono_gagne,buts_gagne,verifie,logo_dom,logo_ext,heure
2026-07-17T09:32:50+00:00,1492140,2026-07-17,Brésil Série A,Bahia,Chapecoense-sc,Victoire Bahia,1,Audacieux,63,"Plus de 2,5 buts",O2.5,65,2-1 · 2-0 · 1-1,60,63.5,19.2,17.3,65.3,2-0,True,False,True,https://media.api-sports.io/football/teams/118.png,https://media.api-sports.io/football/teams/132.png,22:30
2026-07-17T09:32:50+00:00,1492295,2026-07-17,Brésil Série A,Fluminense,RB Bragantino,Fluminense ou nul (1X),1X,Équilibré,70,"Plus de 2,5 buts",O2.5,55,1-1 · 2-1 · 1-0,57,45.5,24.5,29.9,54.6,1-1,True,False,True,https://media.api-sports.io/football/teams/124.png,https://media.api-sports.io/football/teams/794.png,23:00
2026-07-17T09:32:50+00:00,1492297,2026-07-17,Brésil Série A,Mirassol,Gremio,Mirassol ou nul (1X),1X,Équilibré,69,"Moins de 2,5 buts",U2.5,52,1-1 · 1-0 · 2-1,52,42.9,26.2,30.9,47.9,2-1,True,False,True,https://media.api-sports.io/football/teams/7848.png,https://media.api-sports.io/football/teams/130.png,23:00
2026-07-17T09:32:50+00:00,1492290,2026-07-21,Brésil Série A,Atletico-MG,Bahia,Atletico-MG ou nul (1X),1X,Équilibré,67,"Plus de 2,5 buts",O2.5,54,1-1 · 2-1 · 1-0,57,41.7,24.9,33.3,54.2,1-1,True,False,True,https://media.api-sports.io/football/teams/1062.png,https://media.api-sports.io/football/teams/118.png,22:30
2026-07-17T09:32:50+00:00,1492294,2026-07-22,Brésil Série A,Coritiba,Palmeiras,Palmeiras ou nul (X2),X2,Sûr,76,"Plus de 2,5 buts",O2.5,51,1-1 · 0-1 · 1-2,52,23.8,24.4,51.7,50.6,1-3,True,True,True,https://media.api-sports.io/football/teams/147.png,https://media.api-sports.io/football/teams/121.png,22:30
2026-07-17T09:32:50+00:00,1492296,2026-07-23,Brésil Série A,Internacional,Cruzeiro,Internacional ou nul (1X),1X,Audacieux,63,"Plus de 2,5 buts",O2.5,54,1-1 · 1-0 · 2-1,57,37.6,25.2,37.2,53.6,1-2,False,True,True,https://media.api-sports.io/football/teams/119.png,https://media.api-sports.io/football/teams/135.png,00:30
2026-07-17T09:32:50+00:00,1492298,2026-07-23,Brésil Série A,Sao Paulo,Atletico Paranaense,Atletico Paranaense ou nul (X2),X2,Équilibré,66,"Moins de 2,5 buts",U2.5,56,1-1 · 0-1 · 1-0,49,34.5,27.5,38.0,43.7,1-2,True,False,True,https://media.api-sports.io/football/teams/126.png,https://media.api-sports.io/football/teams/134.png,00:30
2026-07-17T09:32:50+00:00,1492292,2026-07-23,Brésil Série A,Chapecoense-sc,Flamengo,Victoire Flamengo,2,Équilibré,71,"Plus de 2,5 buts",O2.5,66,0-2 · 1-2 · 0-3,56,12.2,16.6,71.1,66.4,0-4,True,True,True,https://media.api-sports.io/football/teams/132.png,https://media.api-sports.io/football/teams/127.png,00:30
2026-07-17T09:32:50+00:00,1492141,2026-07-23,Brésil Série A,Botafogo,Vitoria,Botafogo ou nul (1X),1X,Équilibré,75,"Plus de 2,5 buts",O2.5,65,1-1 · 2-1 · 1-0,64,52.9,21.7,25.4,64.7,0-0,True,False,True,https://media.api-sports.io/football/teams/120.png,https://media.api-sports.io/football/teams/136.png,22:30
2026-07-17T09:32:50+00:00,1492293,2026-07-23,Brésil Série A,Corinthians,Remo,Corinthians ou nul (1X),1X,Équilibré,72,"Moins de 2,5 buts",U2.5,51,1-1 · 1-0 · 2-1,52,46.7,25.6,27.7,48.7,3-0,True,False,True,https://media.api-sports.io/football/teams/131.png,https://media.api-sports.io/football/teams/1198.png,22:30
2026-07-17T09:32:50+00:00,1493003,2026-07-23,Argentine Liga Profesional,Belgrano Cordoba,Rosario Central,Rosario Central ou nul (X2),X2,Équilibré,67,"Moins de 2,5 buts",U2.5,57,1-1 · 0-1 · 1-0,49,32.7,27.6,39.8,43.1,2-1,False,False,True,https://media.api-sports.io/football/teams/440.png,https://media.api-sports.io/football/teams/437.png,22:30
2026-07-17T09:32:50+00:00,1493015,2026-07-23,Argentine Liga Profesional,Sarmiento Junin,Argentinos JRS,Victoire Argentinos JRS,2,Audacieux,59,"Moins de 2,5 buts",U2.5,52,0-1 · 0-2 · 1-1,47,17.4,23.3,59.3,47.6,2-3,True,False,True,https://media.api-sports.io/football/teams/474.png,https://media.api-sports.io/football/teams/458.png,22:30
2026-07-17T09:32:50+00:00,1490329,2026-07-18,MLS,Nashville SC,Atlanta United FC,Victoire Nashville SC,1,Équilibré,73,"Plus de 2,5 buts",O2.5,57,2-0 · 1-0 · 3-0,45,73.1,17.1,9.8,57.1,1-0,True,False,True,https://media.api-sports.io/football/teams/9569.png,https://media.api-sports.io/football/teams/1608.png,00:10
2026-07-17T09:32:50+00:00,1490330,2026-07-18,MLS,Los Angeles Galaxy,Los Angeles FC,Los Angeles FC ou nul (X2),X2,Audacieux,63,"Plus de 2,5 buts",O2.5,52,1-1 · 0-1 · 1-0,56,37.2,25.4,37.3,52.3,0-3,True,True,True,https://media.api-sports.io/football/teams/1605.png,https://media.api-sports.io/football/teams/1616.png,02:25
2026-07-17T09:32:50+00:00,1490334,2026-07-22,MLS,Philadelphia Union,New York Red Bulls,Philadelphia Union ou nul (1X),1X,Équilibré,72,"Plus de 2,5 buts",O2.5,63,1-1 · 2-1 · 1-0,63,50.0,22.4,27.6,63.1,3-1,True,True,True,https://media.api-sports.io/football/teams/1599.png,https://media.api-sports.io/football/teams/1602.png,23:30
2026-07-17T09:32:50+00:00,1490335,2026-07-22,MLS,New England Revolution,Toronto FC,New England Revolution ou nul (1X),1X,Sûr,78,"Moins de 2,5 buts",U2.5,50,1-0 · 1-1 · 2-0,51,54.4,24.0,21.6,49.9,0-0,True,True,True,https://media.api-sports.io/football/teams/1609.png,https://media.api-sports.io/football/teams/1601.png,23:30
2026-07-17T09:32:50+00:00,1490333,2026-07-22,MLS,Columbus Crew,New York City FC,Columbus Crew ou nul (1X),1X,Équilibré,68,"Plus de 2,5 buts",O2.5,51,1-1 · 1-0 · 2-1,55,42.3,25.6,32.1,51.0,1-2,False,True,True,https://media.api-sports.io/football/teams/1613.png,https://media.api-sports.io/football/teams/1604.png,23:30
2026-07-17T09:32:50+00:00,1490332,2026-07-22,MLS,FC Cincinnati,Vancouver Whitecaps,Vancouver Whitecaps ou nul (X2),X2,Équilibré,74,"Plus de 2,5 buts",O2.5,74,1-2 · 1-1 · 2-2,71,25.8,19.9,54.3,73.6,4-3,False,True,True,https://media.api-sports.io/football/teams/2242.png,https://media.api-sports.io/football/teams/1603.png,23:30
2026-07-17T09:32:50+00:00,1490331,2026-07-22,MLS,Inter Miami,Chicago Fire,Victoire Inter Miami,1,Audacieux,61,"Plus de 2,5 buts",O2.5,79,2-1 · 3-1 · 2-2,73,61.4,17.7,20.9,78.7,3-2,True,True,True,https://media.api-sports.io/football/teams/9568.png,https://media.api-sports.io/football/teams/1607.png,23:30
2026-07-17T09:32:50+00:00,1490336,2026-07-23,MLS,Charlotte,Atlanta United FC,Victoire Charlotte,1,Audacieux,58,"Moins de 2,5 buts",U2.5,51,1-0 · 2-0 · 1-1,48,58.3,23.2,18.4,49.2,2-2,False,False,True,https://media.api-sports.io/football/teams/18310.png,https://media.api-sports.io/football/teams/1608.png,00:15
2026-07-17T09:32:50+00:00,1490340,2026-07-23,MLS,Houston Dynamo,DC United,Houston Dynamo ou nul (1X),1X,Sûr,78,"Plus de 2,5 buts",O2.5,55,1-1 · 1-0 · 2-1,55,54.5,23.1,22.4,54.6,1-1,True,False,True,https://media.api-sports.io/football/teams/1600.png,https://media.api-sports.io/football/teams/1615.png,00:30
2026-07-17T09:32:50+00:00,1490339,2026-07-23,MLS,Sporting Kansas City,Minnesota United FC,Minnesota United FC ou nul (X2),X2,Équilibré,70,"Plus de 2,5 buts",O2.5,56,1-1 · 1-2 · 0-1,58,29.7,24.3,46.0,55.5,2-1,False,True,True,https://media.api-sports.io/football/teams/1611.png,https://media.api-sports.io/football/teams/1612.png,00:30
2026-07-17T09:32:50+00:00,1490338,2026-07-23,MLS,Nashville SC,CF Montreal,Victoire Nashville SC,1,Équilibré,74,"Plus de 2,5 buts",O2.5,65,2-0 · 3-0 · 2-1,52,74.4,15.6,10.1,65.3,1-0,True,False,True,https://media.api-sports.io/football/teams/9569.png,https://media.api-sports.io/football/teams/1614.png,00:30
2026-07-17T09:32:50+00:00,1490337,2026-07-23,MLS,Austin,Seattle Sounders,Seattle Sounders ou nul (X2),X2,Audacieux,65,"Plus de 2,5 buts",O2.5,53,1-1 · 0-1 · 1-2,57,35.1,25.3,39.6,52.8,3-1,False,True,True,https://media.api-sports.io/football/teams/16489.png,https://media.api-sports.io/football/teams/1595.png,00:30
2026-07-17T09:32:50+00:00,1490341,2026-07-23,MLS,Colorado Rapids,San Diego,Colorado Rapids ou nul (1X),1X,Équilibré,67,"Plus de 2,5 buts",O2.5,67,1-1 · 2-1 · 1-2,67,45.2,22.2,32.6,67.1,1-0,True,False,True,https://media.api-sports.io/football/teams/1610.png,https://media.api-sports.io/football/teams/25484.png,01:30
2026-07-17T09:32:50+00:00,1490344,2026-07-23,MLS,San Jose Earthquakes,Orlando City SC,Victoire San Jose Earthquakes,1,Sûr,79,"Plus de 2,5 buts",O2.5,83,3-1 · 2-1 · 3-0,66,79.1,11.8,9.1,82.9,0-4,False,True,True,https://media.api-sports.io/football/teams/1596.png,https://media.api-sports.io/football/teams/1598.png,02:30
2026-07-17T09:32:50+00:00,1490343,2026-07-23,MLS,Los Angeles Galaxy,St. Louis City,Los Angeles Galaxy ou nul (1X),1X,Équilibré,74,"Plus de 2,5 buts",O2.5,56,1-1 · 2-1 · 1-0,58,50.0,23.7,26.4,56.2,1-3,False,True,True,https://media.api-sports.io/football/teams/1605.png,https://media.api-sports.io/football/teams/20787.png,02:30
2026-07-17T09:32:50+00:00,1490342,2026-07-23,MLS,Los Angeles FC,Real Salt Lake,Los Angeles FC ou nul (1X),1X,Sûr,77,"Plus de 2,5 buts",O2.5,52,1-1 · 1-0 · 2-1,53,53.0,23.9,23.1,52.3,3-1,True,True,True,https://media.api-sports.io/football/teams/1616.png,https://media.api-sports.io/football/teams/1606.png,02:30
2026-07-17T09:32:50+00:00,1490345,2026-07-23,MLS,Portland Timbers,FC Dallas,Portland Timbers ou nul (1X),1X,Équilibré,68,"Plus de 2,5 buts",O2.5,68,1-1 · 2-1 · 1-2,68,45.7,21.9,32.4,68.2,2-2,True,True,True,https://media.api-sports.io/football/teams/1617.png,https://media.api-sports.io/football/teams/1597.png,02:30
2026-07-17T09:32:50+00:00,1494700,2026-07-17,Norvège Eliteserien,Bodo/Glimt,Fredrikstad,Victoire Bodo/Glimt,1,Sûr,84,"Plus de 2,5 buts",O2.5,74,3-0 · 2-0 · 4-0,50,84.0,10.5,5.6,74.4,1-0,True,False,True,https://media.api-sports.io/football/teams/327.png,https://media.api-sports.io/football/teams/2149.png,17:15
2026-07-17T09:32:50+00:00,1494701,2026-07-18,Norvège Eliteserien,Ham-Kam,Tromso,Ham-Kam ou nul (1X),1X,Équilibré,66,"Plus de 2,5 buts",O2.5,55,1-1 · 2-1 · 1-0,58,40.9,24.9,34.3,54.6,1-4,False,True,True,https://media.api-sports.io/football/teams/2159.png,https://media.api-sports.io/football/teams/325.png,12:00
2026-07-17T09:32:50+00:00,1494702,2026-07-18,Norvège Eliteserien,Kristiansund BK,Sarpsborg 08 FF,Sarpsborg 08 FF ou nul (X2),X2,Équilibré,65,"Moins de 2,5 buts",U2.5,51,1-1 · 0-1 · 1-0,54,34.6,26.1,39.2,49.1,0-0,True,True,True,https://media.api-sports.io/football/teams/320.png,https://media.api-sports.io/football/teams/333.png,14:00
2026-07-17T09:32:50+00:00,1494703,2026-07-18,Norvège Eliteserien,Lillestrom,KFUM Oslo,Victoire Lillestrom,1,Audacieux,64,"Moins de 2,5 buts",U2.5,53,1-0 · 2-0 · 1-1,43,63.9,22.0,14.1,47.0,2-1,True,False,True,https://media.api-sports.io/football/teams/321.png,https://media.api-sports.io/football/teams/2143.png,14:00
2026-07-17T09:32:50+00:00,1494705,2026-07-18,Norvège Eliteserien,Start,Rosenborg,Start ou nul (1X),1X,Audacieux,65,"Plus de 2,5 buts",O2.5,58,1-1 · 2-1 · 1-2,61,40.6,24.2,35.2,58.1,0-3,False,True,True,https://media.api-sports.io/football/teams/334.png,https://media.api-sports.io/football/teams/331.png,14:00
2026-07-17T09:32:50+00:00,1494704,2026-07-18,Norvège Eliteserien,Molde,Brann,Molde ou nul (1X),1X,Équilibré,74,"Plus de 2,5 buts",O2.5,66,2-1 · 1-1 · 2-0,65,52.6,21.5,26.0,66.2,1-2,False,True,True,https://media.api-sports.io/football/teams/329.png,https://media.api-sports.io/football/teams/319.png,16:00
2026-07-17T09:32:50+00:00,1494707,2026-07-18,Norvège Eliteserien,Viking,Sandefjord,Victoire Viking,1,Équilibré,74,"Plus de 2,5 buts",O2.5,68,2-0 · 2-1 · 3-0,54,74.3,15.3,10.4,67.8,2-1,True,True,True,https://media.api-sports.io/football/teams/759.png,https://media.api-sports.io/football/teams/332.png,16:00
2026-07-17T09:32:50+00:00,1494680,2026-07-22,Norvège Eliteserien,Lillestrom,Viking,Viking ou nul (X2),X2,Audacieux,63,"Plus de 2,5 buts",O2.5,56,1-1 · 1-2 · 2-1,59,37.3,24.6,38.1,56.2,1-2,True,True,True,https://media.api-sports.io/football/teams/321.png,https://media.api-sports.io/football/teams/759.png,17:00
2026-07-17T09:32:50+00:00,1494611,2026-07-22,Norvège Eliteserien,Bodo/Glimt,Ham-Kam,Victoire Bodo/Glimt,1,Sûr,80,"Plus de 2,5 buts",O2.5,77,3-0 · 2-0 · 3-1,58,80.3,11.8,7.9,77.4,3-0,True,True,True,https://media.api-sports.io/football/teams/327.png,https://media.api-sports.io/football/teams/2159.png,17:00
2026-07-17T09:32:50+00:00,1494211,2026-07-17,Suède Allsvenskan,IFK Goteborg,IF Brommapojkarna,IFK Goteborg ou nul (1X),1X,Audacieux,63,"Plus de 2,5 buts",O2.5,56,1-1 · 2-1 · 1-2,59,38.3,24.6,37.2,56.4,2-1,True,True,True,https://media.api-sports.io/football/teams/366.png,https://media.api-sports.io/football/teams/371.png,17:00
2026-07-17T09:32:50+00:00,1494215,2026-07-17,Suède Allsvenskan,Mjallby AIF,Vasteras SK FK,Victoire Mjallby AIF,1,Audacieux,57,"Plus de 2,5 buts",O2.5,67,2-1 · 1-1 · 2-0,64,57.2,20.5,22.4,67.1,0-0,False,False,True,https://media.api-sports.io/football/teams/2240.png,https://media.api-sports.io/football/teams/2241.png,17:00
2026-07-17T09:32:50+00:00,1494209,2026-07-18,Suède Allsvenskan,AIK Stockholm,Gais,Gais ou nul (X2),X2,Équilibré,67,"Moins de 2,5 buts",U2.5,64,1-1 · 0-1 · 1-0,43,32.7,29.7,37.6,35.7,2-0,False,True,True,https://media.api-sports.io/football/teams/377.png,https://media.api-sports.io/football/teams/2170.png,13:00
2026-07-17T09:32:50+00:00,1494213,2026-07-19,Suède Allsvenskan,Hammarby FF,Degerfors IF,Victoire Hammarby FF,1,Équilibré,72,"Plus de 2,5 buts",O2.5,55,2-0 · 1-0 · 3-0,44,72.3,17.7,10.0,55.2,4-0,True,True,True,https://media.api-sports.io/football/teams/363.png,https://media.api-sports.io/football/teams/2172.png,14:30
2026-07-17T09:32:50+00:00,1494210,2026-07-19,Suède Allsvenskan,IF Elfsborg,Sirius,Sirius ou nul (X2),X2,Équilibré,72,"Plus de 2,5 buts",O2.5,62,1-1 · 1-2 · 0-1,63,28.1,22.6,49.3,62.3,1-3,True,True,True,https://media.api-sports.io/football/teams/372.png,https://media.api-sports.io/football/teams/370.png,14:30
2026-07-17T09:32:50+00:00,1494212,2026-07-19,Suède Allsvenskan,Halmstad,BK Hacken,Victoire BK Hacken,2,Audacieux,55,"Plus de 2,5 buts",O2.5,61,1-1 · 1-2 · 0-1,60,23.1,21.8,55.0,61.3,0-2,True,False,True,https://media.api-sports.io/football/teams/766.png,https://media.api-sports.io/football/teams/367.png,14:30
2026-07-17T09:32:50+00:00,1494214,2026-07-20,Suède Allsvenskan,Kalmar FF,Malmo FF,Malmo FF ou nul (X2),X2,Équilibré,67,"Plus de 2,5 buts",O2.5,53,1-1 · 0-1 · 1-2,57,33.3,25.1,41.6,53.4,2-2,True,True,True,https://media.api-sports.io/football/teams/374.png,https://media.api-sports.io/football/teams/375.png,17:00
2026-07-17T09:32:50+00:00,1494216,2026-07-20,Suède Allsvenskan,Orgryte IS,Djurgardens IF,Victoire Djurgardens IF,2,Équilibré,68,"Plus de 2,5 buts",O2.5,77,1-2 · 1-3 · 0-2,68,15.6,16.2,68.3,77.1,0-0,False,False,True,https://media.api-sports.io/football/teams/2166.png,https://media.api-sports.io/football/teams/364.png,17:00
2026-07-18T12:02:01+00:00,1493004,2026-07-24,Argentine Liga Profesional,Defensa Y Justicia,Aldosivi,Defensa Y Justicia ou nul (1X),1X,Équilibré,65,"Moins de 2,5 buts",U2.5,54,1-1 · 1-0 · 0-1,51,38.4,26.9,34.6,45.7,1-1,True,True,True,https://media.api-sports.io/football/teams/442.png,https://media.api-sports.io/football/teams/463.png,00:45
2026-07-18T12:02:01+00:00,1493008,2026-07-24,Argentine Liga Profesional,Gimnasia M.,Central Cordoba de Santiago,Central Cordoba de Santiago ou nul (X2),X2,Équilibré,68,"Plus de 2,5 buts",O2.5,53,1-1 · 0-1 · 1-2,56,32.1,25.2,42.7,52.5,1-0,False,False,True,https://media.api-sports.io/football/teams/1066.png,https://media.api-sports.io/football/teams/1065.png,19:45
2026-07-18T12:02:01+00:00,1493013,2026-07-24,Argentine Liga Profesional,Racing Club,Gimnasia L.P.,Racing Club ou nul (1X),1X,Équilibré,66,"Moins de 2,5 buts",U2.5,59,1-1 · 1-0 · 0-1,48,38.4,28.0,33.6,41.5,2-1,True,False,True,https://media.api-sports.io/football/teams/436.png,https://media.api-sports.io/football/teams/434.png,22:00
2026-07-18T12:02:01+00:00,1493016,2026-07-24,Argentine Liga Profesional,Velez Sarsfield,Instituto Cordoba,Velez Sarsfield ou nul (1X),1X,Équilibré,66,"Moins de 2,5 buts",U2.5,60,1-1 · 1-0 · 0-1,46,37.3,28.5,34.1,39.8,1-0,True,True,True,https://media.api-sports.io/football/teams/438.png,https://media.api-sports.io/football/teams/478.png,22:00
2026-07-18T12:02:01+00:00,1494224,2026-07-24,Suède Allsvenskan,Vasteras SK FK,Orgryte IS,Victoire Vasteras SK FK,1,Équilibré,70,"Plus de 2,5 buts",O2.5,77,2-1 · 3-1 · 2-0,66,70.4,15.6,14.0,76.7,2-0,True,False,True,https://media.api-sports.io/football/teams/2241.png,https://media.api-sports.io/football/teams/2166.png,17:00
2026-07-19T07:30:50+00:00,1492308,2026-07-25,Brésil Série A,Santos,Chapecoense-sc,Victoire Santos,1,Audacieux,63,"Plus de 2,5 buts",O2.5,64,2-1 · 2-0 · 1-1,59,63.1,19.4,17.4,64.5,2-2,False,True,True,https://media.api-sports.io/football/teams/128.png,https://media.api-sports.io/football/teams/132.png,21:30
2026-07-19T07:30:50+00:00,1492300,2026-07-25,Brésil Série A,Atletico Paranaense,Internacional,Atletico Paranaense ou nul (1X),1X,Sûr,76,"Moins de 2,5 buts",U2.5,52,1-1 · 1-0 · 2-1,51,50.3,25.2,24.5,48.0,2-0,True,True,True,https://media.api-sports.io/football/teams/134.png,https://media.api-sports.io/football/teams/119.png,21:30
2026-07-19T07:30:50+00:00,1492309,2026-07-25,Brésil Série A,Vasco DA Gama,Mirassol,Mirassol ou nul (X2),X2,Équilibré,66,"Plus de 2,5 buts",O2.5,56,1-1 · 1-2 · 0-1,59,34.5,24.6,40.9,55.9,1-1,True,False,True,https://media.api-sports.io/football/teams/133.png,https://media.api-sports.io/football/teams/7848.png,23:30
2026-07-19T07:30:50+00:00,1493009,2026-07-25,Argentine Liga Profesional,Huracan,Banfield,Huracan ou nul (1X),1X,Équilibré,66,"Moins de 2,5 buts",U2.5,56,1-1 · 1-0 · 0-1,49,38.9,27.4,33.8,43.9,1-0,True,True,True,https://media.api-sports.io/football/teams/445.png,https://media.api-sports.io/football/teams/449.png,00:15
2026-07-19T07:30:50+00:00,1493012,2026-07-25,Argentine Liga Profesional,Platense,Union Santa Fe,Union Santa Fe ou nul (X2),X2,Sûr,79,"Plus de 2,5 buts",O2.5,52,0-1 · 1-1 · 0-2,52,21.5,23.6,54.9,51.8,2-2,True,True,True,https://media.api-sports.io/football/teams/1064.png,https://media.api-sports.io/football/teams/441.png,00:15
2026-07-19T07:30:50+00:00,1493007,2026-07-25,Argentine Liga Profesional,Estudiantes de Rio Cuarto,Tigre,Victoire Tigre,2,Audacieux,63,"Moins de 2,5 buts",U2.5,61,0-1 · 0-2 · 0-0,36,13.1,23.8,63.0,39.0,1-0,False,True,True,https://media.api-sports.io/football/teams/2424.png,https://media.api-sports.io/football/teams/452.png,17:45
2026-07-19T07:30:50+00:00,1493011,2026-07-25,Argentine Liga Profesional,Newells Old Boys,Talleres Cordoba,Talleres Cordoba ou nul (X2),X2,Sûr,79,"Moins de 2,5 buts",U2.5,54,0-1 · 1-1 · 0-2,47,21.3,25.1,53.7,45.6,1-0,False,True,True,https://media.api-sports.io/football/teams/457.png,https://media.api-sports.io/football/teams/456.png,20:00
2026-07-19T07:30:50+00:00,1493014,2026-07-25,Argentine Liga Profesional,River Plate,Barracas Central,River Plate ou nul (1X),1X,Équilibré,72,"Moins de 2,5 buts",U2.5,50,1-1 · 1-0 · 2-1,53,47.1,25.3,27.6,49.9,0-1,False,True,True,https://media.api-sports.io/football/teams/435.png,https://media.api-sports.io/football/teams/2432.png,22:15
2026-07-19T07:30:50+00:00,1490352,2026-07-25,MLS,New York Red Bulls,Charlotte,New York Red Bulls ou nul (1X),1X,Équilibré,67,"Plus de 2,5 buts",O2.5,59,1-1 · 2-1 · 1-2,61,43.3,23.8,32.9,59.2,0-2,False,False,True,https://media.api-sports.io/football/teams/1602.png,https://media.api-sports.io/football/teams/18310.png,22:30
2026-07-19T07:30:50+00:00,1490346,2026-07-25,MLS,Columbus Crew,FC Cincinnati,Columbus Crew ou nul (1X),1X,Équilibré,70,"Plus de 2,5 buts",O2.5,73,2-1 · 1-1 · 2-2,71,49.0,20.8,30.2,72.9,2-1,True,True,True,https://media.api-sports.io/football/teams/1613.png,https://media.api-sports.io/football/teams/2242.png,23:00
2026-07-19T07:30:50+00:00,1490349,2026-07-25,MLS,Orlando City SC,Nashville SC,Victoire Nashville SC,2,Audacieux,57,"Plus de 2,5 buts",O2.5,69,1-2 · 1-1 · 0-2,66,22.8,20.3,56.9,68.6,1-0,False,False,True,https://media.api-sports.io/football/teams/1598.png,https://media.api-sports.io/football/teams/9569.png,23:30
2026-07-19T07:30:50+00:00,1490348,2026-07-25,MLS,Philadelphia Union,Seattle Sounders,Philadelphia Union ou nul (1X),1X,Équilibré,66,"Plus de 2,5 buts",O2.5,53,1-1 · 1-0 · 2-1,56,40.6,25.3,34.2,52.8,1-0,True,False,True,https://media.api-sports.io/football/teams/1599.png,https://media.api-sports.io/football/teams/1595.png,23:30
2026-07-19T07:30:50+00:00,1490350,2026-07-25,MLS,New York City FC,Chicago Fire,New York City FC ou nul (1X),1X,Équilibré,70,"Plus de 2,5 buts",O2.5,55,1-1 · 2-1 · 1-0,58,45.2,24.4,30.4,55.2,3-1,True,True,True,https://media.api-sports.io/football/teams/1604.png,https://media.api-sports.io/football/teams/1607.png,23:30
2026-07-19T07:30:50+00:00,1490351,2026-07-25,MLS,New England Revolution,Atlanta United FC,Victoire New England Revolution,1,Audacieux,57,"Moins de 2,5 buts",U2.5,57,1-0 · 2-0 · 1-1,44,57.1,24.7,18.2,43.4,4-1,True,False,True,https://media.api-sports.io/football/teams/1609.png,https://media.api-sports.io/football/teams/1608.png,23:30
2026-07-19T07:30:50+00:00,1490347,2026-07-25,MLS,CF Montreal,Inter Miami,Victoire Inter Miami,2,Audacieux,56,"Plus de 2,5 buts",O2.5,76,1-2 · 1-1 · 1-3,73,24.6,19.1,56.2,76.4,0-1,True,False,True,https://media.api-sports.io/football/teams/1614.png,https://media.api-sports.io/football/teams/9568.png,23:30
2026-07-19T07:30:50+00:00,1490353,2026-07-25,MLS,DC United,Toronto FC,DC United ou nul (1X),1X,Équilibré,71,"Plus de 2,5 buts",O2.5,54,1-1 · 1-0 · 2-1,56,46.3,24.6,29.1,53.8,2-1,True,True,True,https://media.api-sports.io/football/teams/1615.png,https://media.api-sports.io/football/teams/1601.png,23:30
2026-07-19T07:30:50+00:00,1494712,2026-07-25,Norvège Eliteserien,Kristiansund BK,Start,Kristiansund BK ou nul (1X),1X,Équilibré,73,"Plus de 2,5 buts",O2.5,51,1-1 · 1-0 · 2-1,54,48.6,24.9,26.5,51.1,1-2,False,True,True,https://media.api-sports.io/football/teams/320.png,https://media.api-sports.io/football/teams/334.png,14:00
2026-07-19T07:30:50+00:00,1494218,2026-07-25,Suède Allsvenskan,Degerfors IF,Djurgardens IF,Victoire Djurgardens IF,2,Audacieux,58,"Plus de 2,5 buts",O2.5,58,1-1 · 1-2 · 0-1,56,20.5,21.9,57.6,57.7,0-1,True,False,True,https://media.api-sports.io/football/teams/2172.png,https://media.api-sports.io/football/teams/364.png,13:00
2026-07-19T07:30:50+00:00,1494221,2026-07-25,Suède Allsvenskan,Kalmar FF,Mjallby AIF,Mjallby AIF ou nul (X2),X2,Équilibré,68,"Moins de 2,5 buts",U2.5,60,1-1 · 0-1 · 1-0,46,31.6,28.3,40.2,40.2,2-1,False,False,True,https://media.api-sports.io/football/teams/374.png,https://media.api-sports.io/football/teams/2240.png,15:30
2026-07-20T08:11:32+00:00,1492301,2026-07-26,Brésil Série A,Bahia,Corinthians,Bahia ou nul (1X),1X,Équilibré,70,"Moins de 2,5 buts",U2.5,51,1-1 · 1-0 · 2-1,53,44.2,25.8,30.0,49.1,1-1,True,True,True,https://media.api-sports.io/football/teams/118.png,https://media.api-sports.io/football/teams/131.png,19:00
2026-07-20T08:11:32+00:00,1492303,2026-07-26,Brésil Série A,Cruzeiro,Botafogo,Cruzeiro ou nul (1X),1X,Audacieux,64,"Plus de 2,5 buts",O2.5,67,1-1 · 2-1 · 1-2,67,42.0,22.4,35.6,67.0,0-1,False,False,True,https://media.api-sports.io/football/teams/135.png,https://media.api-sports.io/football/teams/120.png,19:00
2026-07-20T08:11:32+00:00,1492304,2026-07-26,Brésil Série A,Flamengo,Sao Paulo,Victoire Flamengo,1,Audacieux,63,"Plus de 2,5 buts",O2.5,57,2-0 · 1-0 · 2-1,53,62.7,20.6,16.7,57.5,1-1,False,False,True,https://media.api-sports.io/football/teams/127.png,https://media.api-sports.io/football/teams/126.png,21:30
2026-07-20T08:11:32+00:00,1492305,2026-07-26,Brésil Série A,Gremio,Fluminense,Fluminense ou nul (X2),X2,Équilibré,67,"Plus de 2,5 buts",O2.5,51,1-1 · 0-1 · 1-2,55,33.4,25.7,40.8,50.5,1-1,True,False,True,https://media.api-sports.io/football/teams/130.png,https://media.api-sports.io/football/teams/124.png,21:30
2026-07-20T08:11:32+00:00,1492302,2026-07-26,Brésil Série A,RB Bragantino,Coritiba,RB Bragantino ou nul (1X),1X,Équilibré,70,"Plus de 2,5 buts",O2.5,57,1-1 · 2-1 · 1-0,59,46.5,23.9,29.6,57.3,0-0,True,False,True,https://media.api-sports.io/football/teams/794.png,https://media.api-sports.io/football/teams/147.png,21:30
2026-07-20T08:11:32+00:00,1492306,2026-07-26,Brésil Série A,Palmeiras,Atletico-MG,Victoire Palmeiras,1,Audacieux,60,"Moins de 2,5 buts",U2.5,53,1-0 · 2-0 · 1-1,46,59.5,23.4,17.1,46.8,1-2,False,False,True,https://media.api-sports.io/football/teams/121.png,https://media.api-sports.io/football/teams/1062.png,22:30
2026-07-20T08:11:32+00:00,1492307,2026-07-26,Brésil Série A,Remo,Vitoria,Remo ou nul (1X),1X,Équilibré,66,"Plus de 2,5 buts",O2.5,53,1-1 · 1-0 · 2-1,57,40.7,25.2,34.1,53.3,2-0,True,False,True,https://media.api-sports.io/football/teams/1198.png,https://media.api-sports.io/football/teams/136.png,22:30
2026-07-20T08:11:32+00:00,1493010,2026-07-26,Argentine Liga Profesional,Lanus,San Lorenzo,San Lorenzo ou nul (X2),X2,Équilibré,67,"Moins de 2,5 buts",U2.5,66,0-1 · 1-1 · 0-0,41,33.2,30.4,36.4,33.6,1-0,False,True,True,https://media.api-sports.io/football/teams/446.png,https://media.api-sports.io/football/teams/460.png,00:30
2026-07-20T08:11:32+00:00,1493002,2026-07-26,Argentine Liga Profesional,Atletico Tucuman,Independ. Rivadavia,Victoire Independ. Rivadavia,2,Audacieux,61,"Plus de 2,5 buts",O2.5,61,1-2 · 1-1 · 0-2,57,18.2,20.4,61.4,61.1,0-0,False,False,True,https://media.api-sports.io/football/teams/455.png,https://media.api-sports.io/football/teams/473.png,18:00
2026-07-20T08:11:32+00:00,1493006,2026-07-26,Argentine Liga Profesional,Estudiantes L.P.,Independiente,Estudiantes L.P. ou nul (1X),1X,Équilibré,66,"Moins de 2,5 buts",U2.5,53,1-1 · 1-0 · 0-1,52,39.5,26.7,33.8,46.8,0-2,False,True,True,https://media.api-sports.io/football/teams/450.png,https://media.api-sports.io/football/teams/453.png,20:15
2026-07-20T08:11:32+00:00,1493005,2026-07-26,Argentine Liga Profesional,Deportivo Riestra,Boca Juniors,Victoire Boca Juniors,2,Audacieux,60,"Moins de 2,5 buts",U2.5,68,0-1 · 0-2 · 0-0,31,13.2,26.5,60.3,31.8,3-0,False,False,True,https://media.api-sports.io/football/teams/476.png,https://media.api-sports.io/football/teams/451.png,22:30
2026-07-20T08:11:32+00:00,1490355,2026-07-26,MLS,Houston Dynamo,Austin,Victoire Houston Dynamo,1,Audacieux,57,"Plus de 2,5 buts",O2.5,56,1-1 · 1-0 · 2-1,55,56.7,22.4,20.9,55.9,3-0,True,True,True,https://media.api-sports.io/football/teams/1600.png,https://media.api-sports.io/football/teams/16489.png,00:30
2026-07-20T08:11:32+00:00,1490354,2026-07-26,MLS,Minnesota United FC,Vancouver Whitecaps,Vancouver Whitecaps ou nul (X2),X2,Équilibré,73,"Moins de 2,5 buts",U2.5,51,1-1 · 0-1 · 1-2,52,26.8,25.4,47.7,48.8,0-0,True,True,True,https://media.api-sports.io/football/teams/1612.png,https://media.api-sports.io/football/teams/1603.png,00:30
2026-07-20T08:11:32+00:00,1490356,2026-07-26,MLS,St. Louis City,Colorado Rapids,St. Louis City ou nul (1X),1X,Équilibré,70,"Plus de 2,5 buts",O2.5,57,1-1 · 2-1 · 1-0,59,45.7,24.1,30.3,56.8,1-0,True,False,True,https://media.api-sports.io/football/teams/20787.png,https://media.api-sports.io/football/teams/1610.png,00:30
2026-07-20T08:11:32+00:00,1490357,2026-07-26,MLS,San Diego,FC Dallas,San Diego ou nul (1X),1X,Équilibré,69,"Plus de 2,5 buts",O2.5,71,2-1 · 1-1 · 2-2,70,47.2,21.3,31.5,70.8,1-0,True,False,True,https://media.api-sports.io/football/teams/25484.png,https://media.api-sports.io/football/teams/1597.png,01:30
2026-07-20T08:11:32+00:00,1490359,2026-07-26,MLS,San Jose Earthquakes,Los Angeles Galaxy,Victoire San Jose Earthquakes,1,Équilibré,68,"Plus de 2,5 buts",O2.5,68,2-1 · 2-0 · 1-1,59,68.1,17.5,14.4,67.8,1-1,False,False,True,https://media.api-sports.io/football/teams/1596.png,https://media.api-sports.io/football/teams/1605.png,02:30
2026-07-20T08:11:32+00:00,1490358,2026-07-26,MLS,Los Angeles FC,Sporting Kansas City,Victoire Los Angeles FC,1,Sûr,80,"Plus de 2,5 buts",O2.5,70,2-0 · 3-0 · 2-1,51,79.7,12.8,7.5,70.5,4-0,True,True,True,https://media.api-sports.io/football/teams/1616.png,https://media.api-sports.io/football/teams/1611.png,02:30
2026-07-20T08:11:32+00:00,1490360,2026-07-26,MLS,Portland Timbers,Real Salt Lake,Portland Timbers ou nul (1X),1X,Équilibré,71,"Plus de 2,5 buts",O2.5,61,1-1 · 2-1 · 1-0,62,48.5,22.9,28.6,61.4,2-1,True,True,True,https://media.api-sports.io/football/teams/1617.png,https://media.api-sports.io/football/teams/1606.png,02:30
2026-07-20T08:11:32+00:00,1494710,2026-07-26,Norvège Eliteserien,Brann,Valerenga,Victoire Brann,1,Équilibré,65,"Plus de 2,5 buts",O2.5,77,2-1 · 3-1 · 1-1,70,65.2,17.1,17.7,77.0,2-3,False,True,True,https://media.api-sports.io/football/teams/319.png,https://media.api-sports.io/football/teams/326.png,12:30
2026-07-20T08:11:32+00:00,1494714,2026-07-26,Norvège Eliteserien,Sandefjord,Bodo/Glimt,Victoire Bodo/Glimt,2,Audacieux,56,"Plus de 2,5 buts",O2.5,55,1-1 · 0-1 · 1-2,54,21.5,22.8,55.7,54.8,0-3,True,True,True,https://media.api-sports.io/football/teams/332.png,https://media.api-sports.io/football/teams/327.png,15:00
2026-07-20T08:11:32+00:00,1494715,2026-07-26,Norvège Eliteserien,Sarpsborg 08 FF,Ham-Kam,Sarpsborg 08 FF ou nul (1X),1X,Équilibré,74,"Plus de 2,5 buts",O2.5,59,1-1 · 2-1 · 1-0,60,51.6,22.8,25.6,59.2,1-0,True,False,True,https://media.api-sports.io/football/teams/333.png,https://media.api-sports.io/football/teams/2159.png,15:00
2026-07-20T08:11:32+00:00,1494711,2026-07-26,Norvège Eliteserien,KFUM Oslo,Molde,Molde ou nul (X2),X2,Équilibré,66,"Moins de 2,5 buts",U2.5,52,1-1 · 0-1 · 1-0,52,34.3,26.5,39.3,47.7,2-4,True,False,True,https://media.api-sports.io/football/teams/2143.png,https://media.api-sports.io/football/teams/329.png,15:00
2026-07-20T08:11:32+00:00,1494709,2026-07-26,Norvège Eliteserien,Aalesund,Viking,Victoire Viking,2,Équilibré,66,"Plus de 2,5 buts",O2.5,77,1-2 · 1-3 · 1-1,69,17.3,16.9,65.8,77.1,1-1,False,False,True,https://media.api-sports.io/football/teams/757.png,https://media.api-sports.io/football/teams/759.png,17:15
2026-07-20T08:11:32+00:00,1494223,2026-07-26,Suède Allsvenskan,Sirius,IFK Goteborg,Victoire Sirius,1,Sûr,79,"Plus de 2,5 buts",O2.5,81,3-1 · 2-1 · 3-0,65,78.5,12.2,9.3,81.0,4-1,True,True,True,https://media.api-sports.io/football/teams/370.png,https://media.api-sports.io/football/teams/366.png,12:00
2026-07-20T08:11:32+00:00,1494217,2026-07-26,Suède Allsvenskan,IF Brommapojkarna,Hammarby FF,Victoire Hammarby FF,2,Audacieux,55,"Plus de 2,5 buts",O2.5,56,1-1 · 1-2 · 0-1,56,22.1,22.6,55.3,56.4,1-1,False,False,True,https://media.api-sports.io/football/teams/371.png,https://media.api-sports.io/football/teams/363.png,12:00
2026-07-20T08:11:32+00:00,1494222,2026-07-26,Suède Allsvenskan,Malmo FF,IF Elfsborg,Victoire Malmo FF,1,Audacieux,59,"Plus de 2,5 buts",O2.5,60,2-1 · 1-1 · 2-0,58,58.7,21.2,20.1,60.2,1-2,False,True,True,https://media.api-sports.io/football/teams/375.png,https://media.api-sports.io/football/teams/372.png,14:30
2026-07-20T08:11:32+00:00,1494219,2026-07-26,Suède Allsvenskan,Gais,Halmstad,Victoire Gais,1,Équilibré,70,"Moins de 2,5 buts",U2.5,58,1-0 · 2-0 · 3-0,34,69.6,20.7,9.7,42.4,1-1,False,True,True,https://media.api-sports.io/football/teams/2170.png,https://media.api-sports.io/football/teams/766.png,14:30
2026-07-21T07:36:29+00:00,1494713,2026-07-27,Norvège Eliteserien,Rosenborg,Fredrikstad,Victoire Rosenborg,1,Audacieux,55,"Moins de 2,5 buts",U2.5,51,1-0 · 1-1 · 2-0,50,55.1,24.0,21.0,49.4,4-0,True,False,True,https://media.api-sports.io/football/teams/331.png,https://media.api-sports.io/football/teams/2149.png,17:00
2026-07-21T07:36:29+00:00,1494220,2026-07-27,Suède Allsvenskan,BK Hacken,AIK Stockholm,BK Hacken ou nul (1X),1X,Équilibré,69,"Plus de 2,5 buts",O2.5,63,1-1 · 2-1 · 1-2,64,45.9,22.8,31.3,63.4,0-0,True,False,True,https://media.api-sports.io/football/teams/367.png,https://media.api-sports.io/football/teams/377.png,17:00
2026-07-22T07:38:15+00:00,1493018,2026-07-28,Argentine Liga Profesional,Banfield,Sarmiento Junin,Banfield ou nul (1X),1X,Audacieux,63,"Moins de 2,5 buts",U2.5,51,1-1 · 1-0 · 0-1,53,37.1,26.3,36.6,48.6,3-2,True,False,True,https://media.api-sports.io/football/teams/449.png,https://media.api-sports.io/football/teams/474.png,22:00
2026-07-22T07:38:15+00:00,1493028,2026-07-28,Argentine Liga Profesional,San Lorenzo,Gimnasia M.,San Lorenzo ou nul (1X),1X,Équilibré,65,"Moins de 2,5 buts",U2.5,57,1-1 · 1-0 · 0-1,49,37.7,27.7,34.6,42.8,1-0,True,True,True,https://media.api-sports.io/football/teams/460.png,https://media.api-sports.io/football/teams/1066.png,22:00
2026-07-23T07:37:30+00:00,1492311,2026-07-29,Brésil Série A,Botafogo,Gremio,Botafogo ou nul (1X),1X,Équilibré,73,"Plus de 2,5 buts",O2.5,64,1-1 · 2-1 · 1-0,64,51.2,22.1,26.7,63.9,,,,False,https://media.api-sports.io/football/teams/120.png,https://media.api-sports.io/football/teams/130.png,20:00
2026-07-23T07:37:30+00:00,1492318,2026-07-29,Brésil Série A,Sao Paulo,Santos,Sao Paulo ou nul (1X),1X,Équilibré,66,"Plus de 2,5 buts",O2.5,57,1-1 · 2-1 · 1-0,60,42.1,24.3,33.6,57.0,,,,False,https://media.api-sports.io/football/teams/126.png,https://media.api-sports.io/football/teams/128.png,20:00
2026-07-23T07:37:30+00:00,1492312,2026-07-29,Brésil Série A,Chapecoense-sc,Vasco DA Gama,Vasco DA Gama ou nul (X2),X2,Équilibré,73,"Plus de 2,5 buts",O2.5,58,1-1 · 1-2 · 0-1,59,27.2,23.4,49.4,58.0,,,,False,https://media.api-sports.io/football/teams/132.png,https://media.api-sports.io/football/teams/133.png,20:00
2026-07-23T07:37:30+00:00,1492310,2026-07-29,Brésil Série A,Atletico-MG,RB Bragantino,Atletico-MG ou nul (1X),1X,Audacieux,64,"Moins de 2,5 buts",U2.5,52,1-1 · 1-0 · 0-1,53,37.9,26.5,35.6,47.8,,,,False,https://media.api-sports.io/football/teams/1062.png,https://media.api-sports.io/football/teams/794.png,20:00
2026-07-23T07:37:30+00:00,1492316,2026-07-29,Brésil Série A,Internacional,Flamengo,Victoire Flamengo,2,Audacieux,60,"Plus de 2,5 buts",O2.5,59,1-2 · 1-1 · 0-2,56,18.7,21.1,60.2,58.7,,,,False,https://media.api-sports.io/football/teams/119.png,https://media.api-sports.io/football/teams/127.png,22:30
2026-07-23T07:37:30+00:00,1492317,2026-07-29,Brésil Série A,Mirassol,Remo,Mirassol ou nul (1X),1X,Équilibré,73,"Plus de 2,5 buts",O2.5,54,1-1 · 1-0 · 2-1,56,48.2,24.3,27.5,54.2,,,,False,https://media.api-sports.io/football/teams/7848.png,https://media.api-sports.io/football/teams/1198.png,22:30
2026-07-23T07:37:30+00:00,1493027,2026-07-29,Argentine Liga Profesional,Rosario Central,Racing Club,Racing Club ou nul (X2),X2,Équilibré,68,"Moins de 2,5 buts",U2.5,58,1-1 · 0-1 · 1-0,48,31.7,27.8,40.5,41.9,0-0,True,True,True,https://media.api-sports.io/football/teams/437.png,https://media.api-sports.io/football/teams/436.png,00:15
2026-07-23T07:37:30+00:00,1493017,2026-07-29,Argentine Liga Profesional,Argentinos JRS,Estudiantes de Rio Cuarto,Victoire Argentinos JRS,1,Audacieux,62,"Moins de 2,5 buts",U2.5,59,1-0 · 2-0 · 1-1,39,61.8,23.9,14.3,40.8,3-0,True,False,True,https://media.api-sports.io/football/teams/458.png,https://media.api-sports.io/football/teams/2424.png,00:15
2026-07-23T07:37:30+00:00,1493019,2026-07-29,Argentine Liga Profesional,Barracas Central,Aldosivi,Barracas Central ou nul (1X),1X,Équilibré,71,"Moins de 2,5 buts",U2.5,63,1-0 · 1-1 · 0-0,43,42.5,28.9,28.6,37.3,,,,False,https://media.api-sports.io/football/teams/2432.png,https://media.api-sports.io/football/teams/463.png,17:30
2026-07-23T07:37:30+00:00,1493022,2026-07-29,Argentine Liga Profesional,Defensa Y Justicia,Deportivo Riestra,Deportivo Riestra ou nul (X2),X2,Équilibré,70,"Moins de 2,5 buts",U2.5,65,0-1 · 1-1 · 0-0,42,30.2,29.7,40.1,35.3,,,,False,https://media.api-sports.io/football/teams/442.png,https://media.api-sports.io/football/teams/476.png,20:00
2026-07-23T07:37:30+00:00,1493023,2026-07-29,Argentine Liga Profesional,Gimnasia L.P.,River Plate,Victoire River Plate,2,Audacieux,57,"Plus de 2,5 buts",O2.5,53,0-1 · 1-1 · 0-2,53,20.6,22.9,56.6,53.5,,,,False,https://media.api-sports.io/football/teams/434.png,https://media.api-sports.io/football/teams/435.png,22:15
2026-07-24T07:36:33+00:00,1492315,2026-07-30,Brésil Série A,Fluminense,Bahia,Fluminense ou nul (1X),1X,Équilibré,70,"Plus de 2,5 buts",O2.5,55,1-1 · 2-1 · 1-0,57,46.0,24.4,29.6,54.9,,,,False,https://media.api-sports.io/football/teams/124.png,https://media.api-sports.io/football/teams/118.png,00:30
2026-07-24T07:36:33+00:00,1492319,2026-07-30,Brésil Série A,Vitoria,Palmeiras,Palmeiras ou nul (X2),X2,Sûr,80,"Moins de 2,5 buts",U2.5,57,0-1 · 1-1 · 0-2,45,20.1,25.5,54.4,42.9,,,,False,https://media.api-sports.io/football/teams/136.png,https://media.api-sports.io/football/teams/121.png,00:30
2026-07-24T07:36:33+00:00,1492313,2026-07-30,Brésil Série A,Corinthians,Atletico Paranaense,Corinthians ou nul (1X),1X,Audacieux,64,"Moins de 2,5 buts",U2.5,59,1-1 · 1-0 · 0-1,47,36.0,28.2,35.8,41.0,,,,False,https://media.api-sports.io/football/teams/131.png,https://media.api-sports.io/football/teams/134.png,22:30
2026-07-24T07:36:33+00:00,1493026,2026-07-30,Argentine Liga Profesional,Instituto Cordoba,Platense,Instituto Cordoba ou nul (1X),1X,Équilibré,68,"Moins de 2,5 buts",U2.5,63,1-1 · 1-0 · 0-1,44,38.5,29.2,32.3,37.3,,,,False,https://media.api-sports.io/football/teams/478.png,https://media.api-sports.io/football/teams/1064.png,00:30
2026-07-24T07:36:33+00:00,1493029,2026-07-30,Argentine Liga Profesional,Talleres Cordoba,Velez Sarsfield,Velez Sarsfield ou nul (X2),X2,Équilibré,70,"Moins de 2,5 buts",U2.5,68,0-1 · 0-0 · 1-1,39,29.5,30.9,39.6,31.5,,,,False,https://media.api-sports.io/football/teams/456.png,https://media.api-sports.io/football/teams/438.png,22:00
2026-07-24T07:36:33+00:00,1493025,2026-07-30,Argentine Liga Profesional,Independ. Rivadavia,Huracan,Independ. Rivadavia ou nul (1X),1X,Audacieux,65,"Moins de 2,5 buts",U2.5,52,1-1 · 1-0 · 0-1,53,38.1,26.5,35.4,47.8,,,,False,https://media.api-sports.io/football/teams/473.png,https://media.api-sports.io/football/teams/445.png,22:00
2026-07-25T07:23:12+00:00,1492314,2026-07-31,Brésil Série A,Coritiba,Cruzeiro,Cruzeiro ou nul (X2),X2,Audacieux,63,"Plus de 2,5 buts",O2.5,60,1-1 · 1-2 · 2-1,62,37.3,23.8,38.9,60.3,,,,False,https://media.api-sports.io/football/teams/147.png,https://media.api-sports.io/football/teams/135.png,00:30
2026-07-25T07:23:12+00:00,1493024,2026-07-31,Argentine Liga Profesional,Independiente,Newells Old Boys,Independiente ou nul (1X),1X,Équilibré,71,"Plus de 2,5 buts",O2.5,65,1-1 · 2-1 · 1-2,65,48.6,22.3,29.1,64.5,,,,False,https://media.api-sports.io/football/teams/453.png,https://media.api-sports.io/football/teams/457.png,00:15
2026-07-25T07:23:12+00:00,1493021,2026-07-31,Argentine Liga Profesional,Central Cordoba de Santiago,Atletico Tucuman,Atletico Tucuman ou nul (X2),X2,Équilibré,71,"Moins de 2,5 buts",U2.5,53,1-1 · 0-1 · 1-2,51,29.1,26.3,44.6,46.7,,,,False,https://media.api-sports.io/football/teams/1065.png,https://media.api-sports.io/football/teams/455.png,00:15
2026-07-25T07:23:12+00:00,1490361,2026-07-31,MLS,New York City FC,Toronto FC,Victoire New York City FC,1,Audacieux,57,"Moins de 2,5 buts",U2.5,52,1-0 · 1-1 · 2-0,48,56.8,23.8,19.3,48.2,,,,False,https://media.api-sports.io/football/teams/1604.png,https://media.api-sports.io/football/teams/1601.png,23:30
2026-07-25T07:23:12+00:00,1494723,2026-07-31,Norvège Eliteserien,Valerenga,Ham-Kam,Valerenga ou nul (1X),1X,Équilibré,72,"Plus de 2,5 buts",O2.5,73,2-1 · 1-1 · 2-2,71,51.9,20.4,27.8,73.1,,,,False,https://media.api-sports.io/football/teams/326.png,https://media.api-sports.io/football/teams/2159.png,17:00
2026-07-25T07:23:12+00:00,1494717,2026-07-31,Norvège Eliteserien,Bodo/Glimt,Lillestrom,Victoire Bodo/Glimt,1,Équilibré,68,"Plus de 2,5 buts",O2.5,58,2-0 · 1-0 · 2-1,50,68.0,18.9,13.1,57.9,,,,False,https://media.api-sports.io/football/teams/327.png,https://media.api-sports.io/football/teams/321.png,19:00
2026-07-26T07:40:18+00:00,1493038,2026-08-01,Argentine Liga Profesional,Gimnasia M.,Union Santa Fe,Union Santa Fe ou nul (X2),X2,Équilibré,73,"Plus de 2,5 buts",O2.5,64,1-1 · 1-2 · 0-1,64,27.4,22.2,50.4,64.1,,,,False,https://media.api-sports.io/football/teams/1066.png,https://media.api-sports.io/football/teams/441.png,18:30
2026-07-26T07:40:18+00:00,1493037,2026-08-01,Argentine Liga Profesional,Estudiantes de Rio Cuarto,Banfield,Banfield ou nul (X2),X2,Sûr,80,"Moins de 2,5 buts",U2.5,60,0-1 · 1-1 · 0-2,43,20.1,26.3,53.6,40.0,,,,False,https://media.api-sports.io/football/teams/2424.png,https://media.api-sports.io/football/teams/449.png,18:30
2026-07-26T07:40:18+00:00,1493033,2026-08-01,Argentine Liga Profesional,Belgrano Cordoba,Argentinos JRS,Argentinos JRS ou nul (X2),X2,Équilibré,67,"Moins de 2,5 buts",U2.5,53,1-1 · 0-1 · 1-0,52,33.1,26.5,40.4,47.2,,,,False,https://media.api-sports.io/football/teams/440.png,https://media.api-sports.io/football/teams/458.png,21:00
2026-07-26T07:40:18+00:00,1493036,2026-08-01,Argentine Liga Profesional,Estudiantes L.P.,Defensa Y Justicia,Estudiantes L.P. ou nul (1X),1X,Équilibré,75,"Moins de 2,5 buts",U2.5,53,1-1 · 1-0 · 2-1,50,49.1,25.7,25.2,46.6,,,,False,https://media.api-sports.io/football/teams/450.png,https://media.api-sports.io/football/teams/442.png,21:00
2026-07-26T07:40:18+00:00,1493043,2026-08-01,Argentine Liga Profesional,Racing Club,Tigre,Racing Club ou nul (1X),1X,Équilibré,70,"Moins de 2,5 buts",U2.5,63,1-0 · 1-1 · 0-0,44,40.6,29.1,30.2,37.0,,,,False,https://media.api-sports.io/football/teams/436.png,https://media.api-sports.io/football/teams/452.png,23:30
2026-07-26T07:40:18+00:00,1490364,2026-08-01,MLS,Philadelphia Union,Atlanta United FC,Victoire Philadelphia Union,1,Audacieux,58,"Plus de 2,5 buts",O2.5,56,1-1 · 1-0 · 2-1,54,58.3,22.1,19.7,55.8,,,,False,https://media.api-sports.io/football/teams/1599.png,https://media.api-sports.io/football/teams/1608.png,23:30
2026-07-26T07:40:18+00:00,1490365,2026-08-01,MLS,New York Red Bulls,Orlando City SC,New York Red Bulls ou nul (1X),1X,Audacieux,64,"Plus de 2,5 buts",O2.5,74,2-1 · 1-1 · 2-2,73,42.9,21.0,36.1,74.2,,,,False,https://media.api-sports.io/football/teams/1602.png,https://media.api-sports.io/football/teams/1598.png,23:30
2026-07-26T07:40:18+00:00,1490363,2026-08-01,MLS,Vancouver Whitecaps,Los Angeles FC,Vancouver Whitecaps ou nul (1X),1X,Équilibré,72,"Plus de 2,5 buts",O2.5,57,1-1 · 2-1 · 1-0,58,48.5,23.8,27.7,56.6,,,,False,https://media.api-sports.io/football/teams/1603.png,https://media.api-sports.io/football/teams/1616.png,23:30
2026-07-26T07:40:18+00:00,1490368,2026-08-01,MLS,CF Montreal,New England Revolution,New England Revolution ou nul (X2),X2,Équilibré,67,"Moins de 2,5 buts",U2.5,54,1-1 · 0-1 · 1-0,51,33.0,26.8,40.2,46.0,,,,False,https://media.api-sports.io/football/teams/1614.png,https://media.api-sports.io/football/teams/1609.png,23:30
2026-07-26T07:40:18+00:00,1490367,2026-08-01,MLS,DC United,Nashville SC,Nashville SC ou nul (X2),X2,Équilibré,73,"Moins de 2,5 buts",U2.5,52,1-1 · 0-1 · 1-2,51,26.9,25.7,47.4,47.8,,,,False,https://media.api-sports.io/football/teams/1615.png,https://media.api-sports.io/football/teams/9569.png,23:30
2026-07-26T07:40:18+00:00,1490366,2026-08-01,MLS,FC Cincinnati,San Jose Earthquakes,FC Cincinnati ou nul (1X),1X,Équilibré,68,"Plus de 2,5 buts",O2.5,81,2-1 · 2-2 · 1-1,78,48.6,19.4,32.0,80.8,,,,False,https://media.api-sports.io/football/teams/2242.png,https://media.api-sports.io/football/teams/1596.png,23:30
2026-07-26T07:40:18+00:00,1490362,2026-08-01,MLS,Inter Miami,Columbus Crew,Victoire Inter Miami,1,Équilibré,69,"Plus de 2,5 buts",O2.5,76,2-1 · 3-1 · 2-0,66,68.8,16.2,15.0,75.8,,,,False,https://media.api-sports.io/football/teams/9568.png,https://media.api-sports.io/football/teams/1613.png,23:30
2026-07-26T07:40:18+00:00,1494719,2026-08-01,Norvège Eliteserien,Fredrikstad,Sandefjord,Fredrikstad ou nul (1X),1X,Équilibré,67,"Moins de 2,5 buts",U2.5,56,1-1 · 1-0 · 0-1,49,39.5,27.4,33.2,43.9,,,,False,https://media.api-sports.io/football/teams/2149.png,https://media.api-sports.io/football/teams/332.png,14:00
2026-07-26T07:40:18+00:00,1494722,2026-08-01,Norvège Eliteserien,Start,Viking,Victoire Viking,2,Équilibré,69,"Plus de 2,5 buts",O2.5,73,1-2 · 1-3 · 0-2,64,14.6,16.5,68.9,73.0,,,,False,https://media.api-sports.io/football/teams/334.png,https://media.api-sports.io/football/teams/759.png,16:00
2026-07-26T07:40:18+00:00,1494231,2026-08-01,Suède Allsvenskan,BK Hacken,Kalmar FF,BK Hacken ou nul (1X),1X,Équilibré,74,"Plus de 2,5 buts",O2.5,65,1-1 · 2-1 · 1-0,64,52.1,21.7,26.3,65.4,,,,False,https://media.api-sports.io/football/teams/367.png,https://media.api-sports.io/football/teams/374.png,13:00
2026-07-27T08:37:35+00:00,1493032,2026-08-02,Argentine Liga Profesional,Aldosivi,Gimnasia L.P.,Gimnasia L.P. ou nul (X2),X2,Sûr,78,"Moins de 2,5 buts",U2.5,57,0-1 · 1-1 · 0-2,45,21.7,26.0,52.3,42.6,,,,False,https://media.api-sports.io/football/teams/463.png,https://media.api-sports.io/football/teams/434.png,17:30
2026-07-27T08:37:35+00:00,1493035,2026-08-02,Argentine Liga Profesional,Deportivo Riestra,Barracas Central,Barracas Central ou nul (X2),X2,Équilibré,68,"Moins de 2,5 buts",U2.5,71,0-0 · 0-1 · 1-0,37,31.7,32.0,36.3,29.1,,,,False,https://media.api-sports.io/football/teams/476.png,https://media.api-sports.io/football/teams/2432.png,17:30
2026-07-27T08:37:35+00:00,1493041,2026-08-02,Argentine Liga Profesional,Newells Old Boys,Boca Juniors,Victoire Boca Juniors,2,Équilibré,65,"Plus de 2,5 buts",O2.5,60,0-2 · 1-2 · 0-1,54,15.3,19.5,65.1,59.7,,,,False,https://media.api-sports.io/football/teams/457.png,https://media.api-sports.io/football/teams/451.png,20:00
2026-07-27T08:37:35+00:00,1493044,2026-08-02,Argentine Liga Profesional,River Plate,Rosario Central,River Plate ou nul (1X),1X,Audacieux,64,"Plus de 2,5 buts",O2.5,52,1-1 · 1-0 · 0-1,56,38.5,25.6,36.0,51.7,,,,False,https://media.api-sports.io/football/teams/435.png,https://media.api-sports.io/football/teams/437.png,22:15
2026-07-27T08:37:35+00:00,1490369,2026-08-02,MLS,Chicago Fire,Charlotte,Chicago Fire ou nul (1X),1X,Équilibré,73,"Plus de 2,5 buts",O2.5,62,1-1 · 2-1 · 1-0,62,50.6,22.5,26.9,62.0,,,,False,https://media.api-sports.io/football/teams/1607.png,https://media.api-sports.io/football/teams/18310.png,00:30
2026-07-27T08:37:35+00:00,1490371,2026-08-02,MLS,Sporting Kansas City,Houston Dynamo,Houston Dynamo ou nul (X2),X2,Équilibré,72,"Plus de 2,5 buts",O2.5,60,1-1 · 1-2 · 0-1,61,28.4,23.2,48.4,59.7,,,,False,https://media.api-sports.io/football/teams/1611.png,https://media.api-sports.io/football/teams/1600.png,00:30
2026-07-27T08:37:35+00:00,1490370,2026-08-02,MLS,Minnesota United FC,San Diego,Minnesota United FC ou nul (1X),1X,Équilibré,67,"Moins de 2,5 buts",U2.5,51,1-1 · 1-0 · 0-1,53,40.4,26.1,33.5,49.0,,,,False,https://media.api-sports.io/football/teams/1612.png,https://media.api-sports.io/football/teams/25484.png,00:30
2026-07-27T08:37:35+00:00,1490372,2026-08-02,MLS,St. Louis City,Real Salt Lake,St. Louis City ou nul (1X),1X,Équilibré,72,"Plus de 2,5 buts",O2.5,56,1-1 · 2-1 · 1-0,58,47.9,24.0,28.1,55.9,,,,False,https://media.api-sports.io/football/teams/20787.png,https://media.api-sports.io/football/teams/1606.png,00:30
2026-07-27T08:37:35+00:00,1490373,2026-08-02,MLS,Colorado Rapids,Austin,Victoire Colorado Rapids,1,Audacieux,60,"Plus de 2,5 buts",O2.5,60,2-1 · 1-1 · 2-0,57,59.8,21.0,19.2,59.9,,,,False,https://media.api-sports.io/football/teams/1610.png,https://media.api-sports.io/football/teams/16489.png,01:30
2026-07-27T08:37:35+00:00,1490374,2026-08-02,MLS,Los Angeles Galaxy,FC Dallas,FC Dallas ou nul (X2),X2,Équilibré,65,"Plus de 2,5 buts",O2.5,61,1-1 · 1-2 · 2-1,63,34.9,23.6,41.5,60.9,,,,False,https://media.api-sports.io/football/teams/1605.png,https://media.api-sports.io/football/teams/1597.png,02:30
2026-07-27T08:37:35+00:00,1490375,2026-08-02,MLS,Portland Timbers,Seattle Sounders,Portland Timbers ou nul (1X),1X,Sûr,77,"Plus de 2,5 buts",O2.5,61,1-1 · 2-1 · 1-0,60,54.7,21.9,23.4,61.2,,,,False,https://media.api-sports.io/football/teams/1617.png,https://media.api-sports.io/football/teams/1595.png,02:30
2026-07-27T08:37:35+00:00,1494721,2026-08-02,Norvège Eliteserien,Molde,Sarpsborg 08 FF,Molde ou nul (1X),1X,Sûr,77,"Plus de 2,5 buts",O2.5,52,1-1 · 1-0 · 2-1,53,53.3,23.9,22.8,51.8,,,,False,https://media.api-sports.io/football/teams/329.png,https://media.api-sports.io/football/teams/333.png,15:00
2026-07-27T08:37:35+00:00,1494716,2026-08-02,Norvège Eliteserien,Aalesund,Tromso,Tromso ou nul (X2),X2,Équilibré,74,"Plus de 2,5 buts",O2.5,60,1-1 · 1-2 · 0-1,60,26.5,22.9,50.6,59.6,,,,False,https://media.api-sports.io/football/teams/757.png,https://media.api-sports.io/football/teams/325.png,15:00
2026-07-27T08:37:35+00:00,1494720,2026-08-02,Norvège Eliteserien,KFUM Oslo,Kristiansund BK,KFUM Oslo ou nul (1X),1X,Sûr,77,"Moins de 2,5 buts",U2.5,54,1-0 · 1-1 · 2-0,49,52.1,25.3,22.6,46.2,,,,False,https://media.api-sports.io/football/teams/2143.png,https://media.api-sports.io/football/teams/320.png,15:00
2026-07-27T08:37:35+00:00,1494718,2026-08-02,Norvège Eliteserien,Brann,Rosenborg,Brann ou nul (1X),1X,Équilibré,74,"Plus de 2,5 buts",O2.5,64,1-1 · 2-1 · 1-0,64,51.7,22.0,26.4,64.1,,,,False,https://media.api-sports.io/football/teams/319.png,https://media.api-sports.io/football/teams/331.png,17:15
2026-07-27T08:37:35+00:00,1494230,2026-08-02,Suède Allsvenskan,IFK Goteborg,Degerfors IF,IFK Goteborg ou nul (1X),1X,Sûr,75,"Plus de 2,5 buts",O2.5,51,1-1 · 1-0 · 2-1,53,51.1,24.4,24.5,51.4,,,,False,https://media.api-sports.io/football/teams/366.png,https://media.api-sports.io/football/teams/2172.png,12:00
2026-07-27T08:37:35+00:00,1494226,2026-08-02,Suède Allsvenskan,IF Brommapojkarna,Malmo FF,Malmo FF ou nul (X2),X2,Audacieux,63,"Plus de 2,5 buts",O2.5,64,1-1 · 1-2 · 2-1,65,37.0,23.1,39.9,63.6,,,,False,https://media.api-sports.io/football/teams/371.png,https://media.api-sports.io/football/teams/375.png,12:00
2026-07-27T08:37:35+00:00,1494225,2026-08-02,Suède Allsvenskan,AIK Stockholm,Orgryte IS,Victoire AIK Stockholm,1,Équilibré,68,"Plus de 2,5 buts",O2.5,59,2-0 · 1-0 · 2-1,52,67.5,18.9,13.6,59.0,,,,False,https://media.api-sports.io/football/teams/377.png,https://media.api-sports.io/football/teams/2166.png,14:30
2026-07-28T07:42:59+00:00,1493040,2026-08-03,Argentine Liga Profesional,Lanus,Instituto Cordoba,Lanus ou nul (1X),1X,Équilibré,68,"Moins de 2,5 buts",U2.5,62,1-1 · 1-0 · 0-1,45,38.8,28.9,32.2,38.1,,,,False,https://media.api-sports.io/football/teams/446.png,https://media.api-sports.io/football/teams/478.png,00:30
2026-07-28T07:42:59+00:00,1493045,2026-08-03,Argentine Liga Profesional,Sarmiento Junin,Independ. Rivadavia,Victoire Independ. Rivadavia,2,Audacieux,62,"Plus de 2,5 buts",O2.5,59,1-2 · 0-2 · 1-1,55,17.6,20.5,61.9,59.4,,,,False,https://media.api-sports.io/football/teams/474.png,https://media.api-sports.io/football/teams/473.png,19:45
2026-07-28T07:42:59+00:00,1493046,2026-08-03,Argentine Liga Profesional,Velez Sarsfield,Independiente,Independiente ou nul (X2),X2,Équilibré,68,"Moins de 2,5 buts",U2.5,51,1-1 · 0-1 · 1-2,53,31.7,26.0,42.3,49.1,,,,False,https://media.api-sports.io/football/teams/438.png,https://media.api-sports.io/football/teams/453.png,22:00
2026-07-28T07:42:59+00:00,1493042,2026-08-03,Argentine Liga Profesional,Platense,Talleres Cordoba,Talleres Cordoba ou nul (X2),X2,Sûr,75,"Moins de 2,5 buts",U2.5,68,0-1 · 0-0 · 1-1,39,24.6,29.9,45.5,32.5,,,,False,https://media.api-sports.io/football/teams/1064.png,https://media.api-sports.io/football/teams/456.png,22:00
2026-07-28T07:42:59+00:00,1494227,2026-08-03,Suède Allsvenskan,Djurgardens IF,Vasteras SK FK,Victoire Djurgardens IF,1,Audacieux,59,"Plus de 2,5 buts",O2.5,64,2-1 · 1-1 · 2-0,61,59.5,20.4,20.1,64.3,,,,False,https://media.api-sports.io/football/teams/364.png,https://media.api-sports.io/football/teams/2241.png,17:00
2026-07-28T07:42:59+00:00,1494232,2026-08-03,Suède Allsvenskan,Halmstad,Sirius,Victoire Sirius,2,Équilibré,74,"Plus de 2,5 buts",O2.5,72,0-2 · 1-2 · 0-3,58,10.9,14.9,74.3,71.6,,,,False,https://media.api-sports.io/football/teams/766.png,https://media.api-sports.io/football/teams/370.png,17:00
2026-07-29T07:48:30+00:00,1493039,2026-08-04,Argentine Liga Profesional,Huracan,Atletico Tucuman,Huracan ou nul (1X),1X,Équilibré,71,"Moins de 2,5 buts",U2.5,63,1-0 · 1-1 · 0-0,44,41.8,29.0,29.2,37.2,,,,False,https://media.api-sports.io/football/teams/445.png,https://media.api-sports.io/football/teams/455.png,00:15
2026-07-29T07:48:30+00:00,1493034,2026-08-04,Argentine Liga Profesional,Central Cordoba de Santiago,San Lorenzo,San Lorenzo ou nul (X2),X2,Sûr,76,"Moins de 2,5 buts",U2.5,66,0-1 · 1-1 · 0-0,40,24.1,29.2,46.7,34.4,,,,False,https://media.api-sports.io/football/teams/1065.png,https://media.api-sports.io/football/teams/460.png,00:15
2026-07-30T07:38:27+00:00,1493020,2026-08-05,Argentine Liga Profesional,Boca Juniors,Estudiantes L.P.,Boca Juniors ou nul (1X),1X,Équilibré,66,"Moins de 2,5 buts",U2.5,60,1-1 · 1-0 · 0-1,46,37.1,28.4,34.4,40.1,,,,False,https://media.api-sports.io/football/teams/451.png,https://media.api-sports.io/football/teams/450.png,22:00
2026-07-31T07:55:01+00:00,1493030,2026-08-06,Argentine Liga Profesional,Tigre,Belgrano Cordoba,Belgrano Cordoba ou nul (X2),X2,Sûr,78,"Moins de 2,5 buts",U2.5,59,0-1 · 1-1 · 0-2,44,21.7,26.6,51.7,40.7,,,,False,https://media.api-sports.io/football/teams/452.png,https://media.api-sports.io/football/teams/440.png,00:15
2026-07-31T07:55:01+00:00,1493031,2026-08-06,Argentine Liga Profesional,Union Santa Fe,Lanus,Lanus ou nul (X2),X2,Équilibré,71,"Plus de 2,5 buts",O2.5,55,1-1 · 1-2 · 0-1,57,28.5,24.2,47.2,55.1,,,,False,https://media.api-sports.io/football/teams/441.png,https://media.api-sports.io/football/teams/446.png,22:00
2026-08-01T07:31:36+00:00,1575447,2026-08-07,Liga Portugal,Estoril,Famalicao,Famalicao ou nul (X2),X2,Équilibré,69,"Plus de 2,5 buts",O2.5,52,1-1 · 0-1 · 1-2,56,30.5,25.1,44.4,52.3,,,,False,https://media.api-sports.io/football/teams/230.png,https://media.api-sports.io/football/teams/242.png,19:15
2026-08-01T07:31:36+00:00,1494728,2026-08-07,Norvège Eliteserien,Sandefjord,KFUM Oslo,Sandefjord ou nul (1X),1X,Sûr,76,"Moins de 2,5 buts",U2.5,50,1-1 · 1-0 · 2-1,51,51.9,24.6,23.5,49.6,,,,False,https://media.api-sports.io/football/teams/332.png,https://media.api-sports.io/football/teams/2143.png,17:00
2026-08-02T07:35:13+00:00,1552118,2026-08-08,Eredivisie,NEC Nijmegen,Telstar,Victoire NEC Nijmegen,1,Audacieux,57,"Plus de 2,5 buts",O2.5,68,2-1 · 1-1 · 2-0,65,57.0,20.4,22.6,67.7,,,,False,https://media.api-sports.io/football/teams/413.png,https://media.api-sports.io/football/teams/427.png,14:30
2026-08-02T07:35:13+00:00,1552120,2026-08-08,Eredivisie,PSV Eindhoven,Fortuna Sittard,Victoire PSV Eindhoven,1,Sûr,83,"Plus de 2,5 buts",O2.5,85,3-1 · 4-1 · 3-0,65,82.8,10.0,7.2,85.3,,,,False,https://media.api-sports.io/football/teams/197.png,https://media.api-sports.io/football/teams/205.png,18:00
2026-08-02T07:35:13+00:00,1575454,2026-08-08,Liga Portugal,Guimaraes,Arouca,Arouca ou nul (X2),X2,Audacieux,62,"Plus de 2,5 buts",O2.5,63,1-1 · 1-2 · 2-1,65,37.6,23.2,39.2,63.4,,,,False,https://media.api-sports.io/football/teams/224.png,https://media.api-sports.io/football/teams/240.png,17:00
2026-08-02T07:35:13+00:00,1575448,2026-08-08,Liga Portugal,Estrela,Sporting CP,Victoire Sporting CP,2,Équilibré,75,"Plus de 2,5 buts",O2.5,71,0-2 · 1-2 · 0-3,57,10.3,14.7,75.0,70.6,,,,False,https://media.api-sports.io/football/teams/15130.png,https://media.api-sports.io/football/teams/228.png,19:30
2026-08-02T07:35:13+00:00,1558583,2026-08-08,Jupiler Pro League,Standard Liege,Cercle Brugge,Standard Liege ou nul (1X),1X,Équilibré,70,"Plus de 2,5 buts",O2.5,55,1-1 · 2-1 · 1-0,57,45.7,24.5,29.8,54.7,,,,False,https://media.api-sports.io/football/teams/733.png,https://media.api-sports.io/football/teams/741.png,16:15
2026-08-02T07:35:13+00:00,1558585,2026-08-08,Jupiler Pro League,KVC Westerlo,Union St. Gilloise,Victoire Union St. Gilloise,2,Audacieux,55,"Moins de 2,5 buts",U2.5,55,0-1 · 1-1 · 0-2,46,20.0,24.9,55.0,44.7,,,,False,https://media.api-sports.io/football/teams/261.png,https://media.api-sports.io/football/teams/1393.png,18:45
2026-08-02T07:35:13+00:00,1492326,2026-08-08,Brésil Série A,Gremio,Sao Paulo,Gremio ou nul (1X),1X,Audacieux,65,"Moins de 2,5 buts",U2.5,52,1-1 · 1-0 · 0-1,53,38.1,26.4,35.5,48.1,,,,False,https://media.api-sports.io/football/teams/130.png,https://media.api-sports.io/football/teams/126.png,19:00
2026-08-02T07:35:13+00:00,1492328,2026-08-08,Brésil Série A,Remo,Atletico-MG,Atletico-MG ou nul (X2),X2,Équilibré,68,"Plus de 2,5 buts",O2.5,53,1-1 · 0-1 · 1-2,56,32.2,25.1,42.7,52.9,,,,False,https://media.api-sports.io/football/teams/1198.png,https://media.api-sports.io/football/teams/1062.png,21:30
2026-08-02T07:35:13+00:00,1492323,2026-08-08,Brésil Série A,Coritiba,Chapecoense-sc,Victoire Coritiba,1,Audacieux,62,"Plus de 2,5 buts",O2.5,62,2-1 · 2-0 · 1-1,58,62.1,20.1,17.9,62.1,,,,False,https://media.api-sports.io/football/teams/147.png,https://media.api-sports.io/football/teams/132.png,23:30
2026-08-02T07:35:13+00:00,1490136,2026-08-08,MLS,New England Revolution,Houston Dynamo,New England Revolution ou nul (1X),1X,Équilibré,74,"Moins de 2,5 buts",U2.5,51,1-1 · 1-0 · 2-1,52,49.1,25.3,25.7,48.8,,,,False,https://media.api-sports.io/football/teams/1609.png,https://media.api-sports.io/football/teams/1600.png,20:30
2026-08-02T07:35:13+00:00,1494730,2026-08-08,Norvège Eliteserien,Valerenga,Bodo/Glimt,Victoire Bodo/Glimt,2,Audacieux,65,"Plus de 2,5 buts",O2.5,69,1-2 · 0-2 · 1-1,62,17.0,18.4,64.7,68.9,,,,False,https://media.api-sports.io/football/teams/326.png,https://media.api-sports.io/football/teams/327.png,12:00
2026-08-02T07:35:13+00:00,1494731,2026-08-08,Norvège Eliteserien,Viking,Sarpsborg 08 FF,Victoire Viking,1,Équilibré,68,"Plus de 2,5 buts",O2.5,58,2-0 · 1-0 · 2-1,50,68.0,18.9,13.0,57.5,,,,False,https://media.api-sports.io/football/teams/759.png,https://media.api-sports.io/football/teams/333.png,14:00
2026-08-02T07:35:13+00:00,1494729,2026-08-08,Norvège Eliteserien,Start,Fredrikstad,Start ou nul (1X),1X,Équilibré,69,"Plus de 2,5 buts",O2.5,56,1-1 · 2-1 · 1-0,58,45.1,24.4,30.6,55.7,,,,False,https://media.api-sports.io/football/teams/334.png,https://media.api-sports.io/football/teams/2149.png,16:00
2026-08-02T07:35:13+00:00,1494238,2026-08-08,Suède Allsvenskan,Orgryte IS,AIK Stockholm,AIK Stockholm ou nul (X2),X2,Sûr,77,"Moins de 2,5 buts",U2.5,51,1-1 · 0-1 · 1-2,51,23.3,24.6,52.1,49.3,,,,False,https://media.api-sports.io/football/teams/2166.png,https://media.api-sports.io/football/teams/377.png,13:00
2026-08-02T07:35:13+00:00,1494237,2026-08-08,Suède Allsvenskan,Mjallby AIF,IF Elfsborg,Mjallby AIF ou nul (1X),1X,Sûr,76,"Moins de 2,5 buts",U2.5,52,1-0 · 1-1 · 2-0,50,51.2,25.1,23.7,47.9,,,,False,https://media.api-sports.io/football/teams/2240.png,https://media.api-sports.io/football/teams/372.png,15:30
2026-08-03T08:34:37+00:00,1552122,2026-08-09,Eredivisie,Sparta Rotterdam,Feyenoord,Feyenoord ou nul (X2),X2,Équilibré,75,"Plus de 2,5 buts",O2.5,57,1-1 · 1-2 · 0-1,58,25.3,23.2,51.5,57.4,,,,False,https://media.api-sports.io/football/teams/426.png,https://media.api-sports.io/football/teams/209.png,10:15
2026-08-03T08:34:37+00:00,1552124,2026-08-09,Eredivisie,PEC Zwolle,Ajax,Ajax ou nul (X2),X2,Sûr,77,"Plus de 2,5 buts",O2.5,58,1-1 · 1-2 · 0-1,58,23.0,22.5,54.6,58.3,,,,False,https://media.api-sports.io/football/teams/193.png,https://media.api-sports.io/football/teams/194.png,12:30
2026-08-03T08:34:37+00:00,1552123,2026-08-09,Eredivisie,Groningen,Utrecht,Groningen ou nul (1X),1X,Audacieux,64,"Plus de 2,5 buts",O2.5,51,1-1 · 1-0 · 0-1,55,38.3,25.8,36.0,50.8,,,,False,https://media.api-sports.io/football/teams/202.png,https://media.api-sports.io/football/teams/207.png,12:30
2026-08-03T08:34:37+00:00,1552125,2026-08-09,Eredivisie,Heerenveen,Twente,Heerenveen ou nul (1X),1X,Audacieux,62,"Plus de 2,5 buts",O2.5,60,1-1 · 2-1 · 1-2,62,38.2,23.7,38.1,60.4,,,,False,https://media.api-sports.io/football/teams/210.png,https://media.api-sports.io/football/teams/415.png,14:45
2026-08-03T08:34:37+00:00,1575449,2026-08-09,Liga Portugal,FC Porto,Alverca,Victoire FC Porto,1,Équilibré,67,"Plus de 2,5 buts",O2.5,52,2-0 · 1-0 · 2-1,45,67.3,20.1,12.7,51.7,,,,False,https://media.api-sports.io/football/teams/212.png,https://media.api-sports.io/football/teams/4724.png,17:00
2026-08-03T08:34:37+00:00,1575452,2026-08-09,Liga Portugal,Moreirense,SC Braga,Victoire SC Braga,2,Audacieux,56,"Plus de 2,5 buts",O2.5,55,1-1 · 0-1 · 1-2,54,20.9,22.6,56.5,55.1,,,,False,https://media.api-sports.io/football/teams/215.png,https://media.api-sports.io/football/teams/217.png,19:30
2026-08-03T08:34:37+00:00,1575450,2026-08-09,Liga Portugal,GIL Vicente,Rio Ave,GIL Vicente ou nul (1X),1X,Sûr,76,"Plus de 2,5 buts",O2.5,53,1-1 · 1-0 · 2-1,54,51.8,23.9,24.3,53.1,,,,False,https://media.api-sports.io/football/teams/762.png,https://media.api-sports.io/football/teams/226.png,19:30
2026-08-03T08:34:37+00:00,1558586,2026-08-09,Jupiler Pro League,Gent,KV Mechelen,Gent ou nul (1X),1X,Équilibré,70,"Moins de 2,5 buts",U2.5,50,1-1 · 1-0 · 2-1,53,44.0,25.7,30.2,49.5,,,,False,https://media.api-sports.io/football/teams/631.png,https://media.api-sports.io/football/teams/266.png,11:30
2026-08-03T08:34:37+00:00,1558587,2026-08-09,Jupiler Pro League,Zulte Waregem,Genk,Zulte Waregem ou nul (1X),1X,Audacieux,63,"Plus de 2,5 buts",O2.5,55,1-1 · 2-1 · 1-2,59,37.9,24.8,37.3,55.5,,,,False,https://media.api-sports.io/football/teams/600.png,https://media.api-sports.io/football/teams/742.png,14:00
2026-08-03T08:34:37+00:00,1558582,2026-08-09,Jupiler Pro League,Charleroi,OH Leuven,Charleroi ou nul (1X),1X,Sûr,76,"Moins de 2,5 buts",U2.5,55,1-0 · 1-1 · 2-0,48,50.2,25.9,23.9,45.0,,,,False,https://media.api-sports.io/football/teams/736.png,https://media.api-sports.io/football/teams/260.png,14:00
2026-08-03T08:34:37+00:00,1558588,2026-08-09,Jupiler Pro League,Anderlecht,RAAL La Louvière,Anderlecht ou nul (1X),1X,Équilibré,74,"Plus de 2,5 buts",O2.5,61,1-1 · 2-1 · 1-0,61,51.9,22.5,25.6,61.0,,,,False,https://media.api-sports.io/football/teams/554.png,https://media.api-sports.io/football/teams/5902.png,16:30
2026-08-03T08:34:37+00:00,1492321,2026-08-09,Brésil Série A,Botafogo,Fluminense,Botafogo ou nul (1X),1X,Équilibré,65,"Plus de 2,5 buts",O2.5,59,1-1 · 2-1 · 1-2,61,41.6,23.9,34.5,59.3,,,,False,https://media.api-sports.io/football/teams/120.png,https://media.api-sports.io/football/teams/124.png,00:00
2026-08-03T08:34:37+00:00,1492324,2026-08-09,Brésil Série A,Cruzeiro,Mirassol,Cruzeiro ou nul (1X),1X,Équilibré,68,"Plus de 2,5 buts",O2.5,50,1-1 · 1-0 · 2-1,54,42.5,25.8,31.8,50.0,,,,False,https://media.api-sports.io/football/teams/135.png,https://media.api-sports.io/football/teams/7848.png,14:00
2026-08-03T08:34:37+00:00,1492320,2026-08-09,Brésil Série A,Bahia,Vasco DA Gama,Bahia ou nul (1X),1X,Sûr,75,"Plus de 2,5 buts",O2.5,60,1-1 · 2-1 · 1-0,60,52.6,22.5,24.8,60.0,,,,False,https://media.api-sports.io/football/teams/118.png,https://media.api-sports.io/football/teams/133.png,19:00
2026-08-03T08:34:37+00:00,1492327,2026-08-09,Brésil Série A,Palmeiras,Internacional,Victoire Palmeiras,1,Audacieux,65,"Plus de 2,5 buts",O2.5,56,2-0 · 1-0 · 2-1,50,64.9,20.3,14.9,55.5,,,,False,https://media.api-sports.io/football/teams/121.png,https://media.api-sports.io/football/teams/119.png,19:00
2026-08-03T08:34:37+00:00,1492329,2026-08-09,Brésil Série A,Santos,Atletico Paranaense,Atletico Paranaense ou nul (X2),X2,Équilibré,71,"Plus de 2,5 buts",O2.5,55,1-1 · 1-2 · 0-1,57,28.9,24.3,46.9,55.1,,,,False,https://media.api-sports.io/football/teams/128.png,https://media.api-sports.io/football/teams/134.png,21:30
2026-08-03T08:34:37+00:00,1492322,2026-08-09,Brésil Série A,RB Bragantino,Corinthians,RB Bragantino ou nul (1X),1X,Équilibré,67,"Moins de 2,5 buts",U2.5,57,1-1 · 1-0 · 0-1,48,39.2,27.7,33.1,42.6,,,,False,https://media.api-sports.io/football/teams/794.png,https://media.api-sports.io/football/teams/131.png,21:30
2026-08-03T08:34:37+00:00,1492325,2026-08-09,Brésil Série A,Flamengo,Vitoria,Victoire Flamengo,1,Équilibré,67,"Plus de 2,5 buts",O2.5,55,2-0 · 1-0 · 2-1,48,67.2,19.6,13.2,54.8,,,,False,https://media.api-sports.io/football/teams/127.png,https://media.api-sports.io/football/teams/136.png,22:30
2026-08-03T08:34:37+00:00,1493053,2026-08-09,Argentine Liga Profesional,Gimnasia L.P.,Barracas Central,Barracas Central ou nul (X2),X2,Équilibré,71,"Moins de 2,5 buts",U2.5,54,1-1 · 0-1 · 1-2,51,29.1,26.5,44.4,46.1,,,,False,https://media.api-sports.io/football/teams/434.png,https://media.api-sports.io/football/teams/2432.png,20:00
2026-08-03T08:34:37+00:00,1493057,2026-08-09,Argentine Liga Profesional,Rosario Central,Aldosivi,Rosario Central ou nul (1X),1X,Sûr,77,"Moins de 2,5 buts",U2.5,61,1-0 · 1-1 · 0-0,43,49.4,27.4,23.2,39.2,,,,False,https://media.api-sports.io/football/teams/437.png,https://media.api-sports.io/football/teams/463.png,20:00
2026-08-03T08:34:37+00:00,1493061,2026-08-09,Argentine Liga Profesional,Union Santa Fe,Central Cordoba de Santiago,Union Santa Fe ou nul (1X),1X,Équilibré,67,"Plus de 2,5 buts",O2.5,59,1-1 · 2-1 · 1-0,61,43.6,23.9,32.5,58.8,,,,False,https://media.api-sports.io/football/teams/441.png,https://media.api-sports.io/football/teams/1065.png,20:00
2026-08-03T08:34:37+00:00,1493051,2026-08-09,Argentine Liga Profesional,Defensa Y Justicia,Newells Old Boys,Newells Old Boys ou nul (X2),X2,Équilibré,66,"Plus de 2,5 buts",O2.5,62,1-1 · 1-2 · 2-1,63,34.4,23.4,42.2,61.8,,,,False,https://media.api-sports.io/football/teams/442.png,https://media.api-sports.io/football/teams/457.png,20:00
2026-08-03T08:34:37+00:00,1493049,2026-08-09,Argentine Liga Profesional,Banfield,Belgrano Cordoba,Victoire Belgrano Cordoba,2,Audacieux,56,"Plus de 2,5 buts",O2.5,54,1-1 · 0-1 · 1-2,54,21.1,22.9,55.9,54.1,,,,False,https://media.api-sports.io/football/teams/449.png,https://media.api-sports.io/football/teams/440.png,20:00
2026-08-03T08:34:37+00:00,1493050,2026-08-09,Argentine Liga Profesional,Boca Juniors,Velez Sarsfield,Boca Juniors ou nul (1X),1X,Équilibré,66,"Moins de 2,5 buts",U2.5,58,1-1 · 1-0 · 0-1,48,38.0,27.9,34.0,41.9,,,,False,https://media.api-sports.io/football/teams/451.png,https://media.api-sports.io/football/teams/438.png,20:00
2026-08-03T08:34:37+00:00,1493060,2026-08-09,Argentine Liga Profesional,Tigre,River Plate,River Plate ou nul (X2),X2,Sûr,79,"Moins de 2,5 buts",U2.5,55,0-1 · 1-1 · 0-2,47,20.6,25.0,54.4,45.2,,,,False,https://media.api-sports.io/football/teams/452.png,https://media.api-sports.io/football/teams/435.png,20:00
2026-08-03T08:34:37+00:00,1493054,2026-08-09,Argentine Liga Profesional,Independiente,Platense,Independiente ou nul (1X),1X,Équilibré,72,"Plus de 2,5 buts",O2.5,55,1-1 · 2-1 · 1-0,57,48.1,24.2,27.7,54.6,,,,False,https://media.api-sports.io/football/teams/453.png,https://media.api-sports.io/football/teams/1064.png,20:00
2026-08-03T08:34:37+00:00,1493048,2026-08-09,Argentine Liga Profesional,Atletico Tucuman,Sarmiento Junin,Sarmiento Junin ou nul (X2),X2,Audacieux,64,"Plus de 2,5 buts",O2.5,54,1-1 · 1-2 · 0-1,58,36.4,25.0,38.6,54.2,,,,False,https://media.api-sports.io/football/teams/455.png,https://media.api-sports.io/football/teams/474.png,20:00
2026-08-03T08:34:37+00:00,1493059,2026-08-09,Argentine Liga Profesional,Talleres Cordoba,Lanus,Lanus ou nul (X2),X2,Équilibré,74,"Moins de 2,5 buts",U2.5,69,0-1 · 0-0 · 1-1,38,26.1,30.9,43.1,30.7,,,,False,https://media.api-sports.io/football/teams/456.png,https://media.api-sports.io/football/teams/446.png,20:00
2026-08-03T08:34:37+00:00,1493047,2026-08-09,Argentine Liga Profesional,Argentinos JRS,Racing Club,Racing Club ou nul (X2),X2,Équilibré,65,"Moins de 2,5 buts",U2.5,57,1-1 · 0-1 · 1-0,49,34.9,27.6,37.5,43.4,,,,False,https://media.api-sports.io/football/teams/458.png,https://media.api-sports.io/football/teams/436.png,20:00
2026-08-03T08:34:37+00:00,1493058,2026-08-09,Argentine Liga Profesional,San Lorenzo,Huracan,Huracan ou nul (X2),X2,Sûr,75,"Moins de 2,5 buts",U2.5,70,0-1 · 0-0 · 1-1,36,24.7,31.0,44.3,29.7,,,,False,https://media.api-sports.io/football/teams/460.png,https://media.api-sports.io/football/teams/445.png,20:00
2026-08-03T08:34:37+00:00,1493055,2026-08-09,Argentine Liga Profesional,Independ. Rivadavia,Estudiantes de Rio Cuarto,Victoire Independ. Rivadavia,1,Audacieux,64,"Moins de 2,5 buts",U2.5,52,1-0 · 2-0 · 1-1,44,64.4,21.7,13.9,47.8,,,,False,https://media.api-sports.io/football/teams/473.png,https://media.api-sports.io/football/teams/2424.png,20:00
2026-08-03T08:34:37+00:00,1493052,2026-08-09,Argentine Liga Profesional,Deportivo Riestra,Estudiantes L.P.,Estudiantes L.P. ou nul (X2),X2,Équilibré,72,"Moins de 2,5 buts",U2.5,74,0-0 · 0-1 · 1-0,34,27.8,33.0,39.3,26.1,,,,False,https://media.api-sports.io/football/teams/476.png,https://media.api-sports.io/football/teams/450.png,20:00
2026-08-03T08:34:37+00:00,1493056,2026-08-09,Argentine Liga Profesional,Instituto Cordoba,Gimnasia M.,Gimnasia M. ou nul (X2),X2,Équilibré,65,"Moins de 2,5 buts",U2.5,55,1-1 · 0-1 · 1-0,50,35.0,27.2,37.8,44.8,,,,False,https://media.api-sports.io/football/teams/478.png,https://media.api-sports.io/football/teams/1066.png,20:00
2026-08-03T08:34:37+00:00,1494727,2026-08-09,Norvège Eliteserien,Lillestrom,Rosenborg,Lillestrom ou nul (1X),1X,Équilibré,73,"Plus de 2,5 buts",O2.5,50,1-1 · 1-0 · 2-1,53,47.7,25.2,27.1,50.1,,,,False,https://media.api-sports.io/football/teams/321.png,https://media.api-sports.io/football/teams/331.png,12:30
2026-08-03T08:34:37+00:00,1494725,2026-08-09,Norvège Eliteserien,Ham-Kam,Aalesund,Ham-Kam ou nul (1X),1X,Équilibré,74,"Plus de 2,5 buts",O2.5,68,2-1 · 1-1 · 2-0,66,53.5,21.0,25.6,68.2,,,,False,https://media.api-sports.io/football/teams/2159.png,https://media.api-sports.io/football/teams/757.png,15:00
2026-08-03T08:34:37+00:00,1494726,2026-08-09,Norvège Eliteserien,Kristiansund BK,Molde,Molde ou nul (X2),X2,Sûr,75,"Plus de 2,5 buts",O2.5,52,1-1 · 0-1 · 1-2,54,24.7,24.2,51.1,52.5,,,,False,https://media.api-sports.io/football/teams/320.png,https://media.api-sports.io/football/teams/329.png,17:15
2026-08-03T08:34:37+00:00,1494235,2026-08-09,Suède Allsvenskan,Hammarby FF,BK Hacken,Victoire Hammarby FF,1,Équilibré,65,"Plus de 2,5 buts",O2.5,68,2-1 · 2-0 · 1-1,62,65.2,18.3,16.5,68.4,,,,False,https://media.api-sports.io/football/teams/363.png,https://media.api-sports.io/football/teams/367.png,12:00
2026-08-03T08:34:37+00:00,1494236,2026-08-09,Suède Allsvenskan,Malmo FF,Degerfors IF,Victoire Malmo FF,1,Équilibré,67,"Plus de 2,5 buts",O2.5,62,2-0 · 2-1 · 1-0,54,67.3,18.6,14.1,61.5,,,,False,https://media.api-sports.io/football/teams/375.png,https://media.api-sports.io/football/teams/2172.png,12:00
2026-08-03T08:34:37+00:00,1494233,2026-08-09,Suède Allsvenskan,IFK Goteborg,Kalmar FF,Kalmar FF ou nul (X2),X2,Audacieux,63,"Plus de 2,5 buts",O2.5,58,1-1 · 1-2 · 2-1,60,36.7,24.3,39.0,57.5,,,,False,https://media.api-sports.io/football/teams/366.png,https://media.api-sports.io/football/teams/374.png,14:30
2026-08-03T08:34:37+00:00,1494234,2026-08-09,Suède Allsvenskan,Halmstad,Gais,Gais ou nul (X2),X2,Sûr,81,"Moins de 2,5 buts",U2.5,63,0-1 · 1-1 · 0-2,40,19.4,26.9,53.7,37.5,,,,False,https://media.api-sports.io/football/teams/766.png,https://media.api-sports.io/football/teams/2170.png,14:30
2026-08-04T07:43:47+00:00,1575453,2026-08-10,Liga Portugal,Santa Clara,Nacional,Santa Clara ou nul (1X),1X,Équilibré,69,"Moins de 2,5 buts",U2.5,62,1-1 · 1-0 · 0-1,45,40.5,28.8,30.7,38.3,,,,False,https://media.api-sports.io/football/teams/227.png,https://media.api-sports.io/football/teams/225.png,19:15
2026-08-04T07:43:47+00:00,1494239,2026-08-10,Suède Allsvenskan,Sirius,IF Brommapojkarna,Victoire Sirius,1,Équilibré,72,"Plus de 2,5 buts",O2.5,76,2-1 · 3-1 · 2-0,65,71.9,15.2,12.9,76.1,,,,False,https://media.api-sports.io/football/teams/370.png,https://media.api-sports.io/football/teams/371.png,17:00
2026-08-04T07:43:47+00:00,1494240,2026-08-10,Suède Allsvenskan,Vasteras SK FK,Djurgardens IF,Djurgardens IF ou nul (X2),X2,Équilibré,67,"Plus de 2,5 buts",O2.5,61,1-1 · 1-2 · 2-1,63,33.0,23.3,43.7,61.5,,,,False,https://media.api-sports.io/football/teams/2241.png,https://media.api-sports.io/football/teams/364.png,17:00
2026-08-08T05:46:57+00:00,1552126,2026-08-14,Eredivisie,Telstar,Sparta Rotterdam,Victoire Telstar,1,Audacieux,61,"Plus de 2,5 buts",O2.5,61,2-1 · 1-1 · 2-0,57,60.5,20.7,18.8,60.9,,,,False,https://media.api-sports.io/football/teams/427.png,https://media.api-sports.io/football/teams/426.png,18:00
2026-08-08T05:46:57+00:00,1575463,2026-08-14,Liga Portugal,Sporting CP,Guimaraes,Victoire Sporting CP,1,Sûr,77,"Plus de 2,5 buts",O2.5,72,2-0 · 3-0 · 2-1,56,77.2,13.7,9.1,72.2,,,,False,https://media.api-sports.io/football/teams/228.png,https://media.api-sports.io/football/teams/224.png,19:15
2026-08-08T05:46:57+00:00,1558590,2026-08-14,Jupiler Pro League,Cercle Brugge,St. Truiden,St. Truiden ou nul (X2),X2,Équilibré,69,"Plus de 2,5 buts",O2.5,62,1-1 · 1-2 · 2-1,63,31.5,23.2,45.3,61.5,,,,False,https://media.api-sports.io/football/teams/741.png,https://media.api-sports.io/football/teams/735.png,18:45
2026-08-08T05:46:57+00:00,1494738,2026-08-14,Norvège Eliteserien,Rosenborg,Viking,Viking ou nul (X2),X2,Équilibré,67,"Plus de 2,5 buts",O2.5,60,1-1 · 1-2 · 2-1,62,33.1,23.7,43.2,59.7,,,,False,https://media.api-sports.io/football/teams/331.png,https://media.api-sports.io/football/teams/759.png,17:00
2026-08-08T05:46:57+00:00,1494244,2026-08-14,Suède Allsvenskan,IF Elfsborg,Vasteras SK FK,IF Elfsborg ou nul (1X),1X,Équilibré,66,"Plus de 2,5 buts",O2.5,56,1-1 · 2-1 · 1-0,59,41.1,24.7,34.2,55.5,,,,False,https://media.api-sports.io/football/teams/372.png,https://media.api-sports.io/football/teams/2241.png,17:00
2026-08-09T05:50:59+00:00,1570333,2026-08-15,La Liga,Alaves,Getafe,Alaves ou nul (1X),1X,Équilibré,68,"Moins de 2,5 buts",U2.5,65,1-1 · 1-0 · 0-1,43,37.8,29.8,32.4,35.4,,,,False,https://media.api-sports.io/football/teams/542.png,https://media.api-sports.io/football/teams/546.png,17:30
2026-08-09T05:50:59+00:00,1570341,2026-08-15,La Liga,Sevilla,Rayo Vallecano,Rayo Vallecano ou nul (X2),X2,Équilibré,66,"Moins de 2,5 buts",U2.5,56,1-1 · 0-1 · 1-0,50,33.8,27.3,38.9,44.3,,,,False,https://media.api-sports.io/football/teams/536.png,https://media.api-sports.io/football/teams/728.png,19:30
2026-08-09T05:50:59+00:00,1552128,2026-08-15,Eredivisie,Utrecht,AZ Alkmaar,Utrecht ou nul (1X),1X,Équilibré,74,"Plus de 2,5 buts",O2.5,57,1-1 · 2-1 · 1-0,58,51.1,23.2,25.6,57.4,,,,False,https://media.api-sports.io/football/teams/207.png,https://media.api-sports.io/football/teams/201.png,16:45
2026-08-09T05:50:59+00:00,1552129,2026-08-15,Eredivisie,Excelsior,PSV Eindhoven,Victoire PSV Eindhoven,2,Audacieux,56,"Plus de 2,5 buts",O2.5,76,1-2 · 1-1 · 1-3,73,25.1,19.2,55.7,76.5,,,,False,https://media.api-sports.io/football/teams/196.png,https://media.api-sports.io/football/teams/197.png,18:00
2026-08-09T05:50:59+00:00,1575456,2026-08-15,Liga Portugal,Alverca,Estrela,Alverca ou nul (1X),1X,Équilibré,68,"Moins de 2,5 buts",U2.5,50,1-1 · 1-0 · 2-1,54,42.4,25.8,31.8,49.9,,,,False,https://media.api-sports.io/football/teams/4724.png,https://media.api-sports.io/football/teams/15130.png,14:30
2026-08-09T05:50:59+00:00,1575462,2026-08-15,Liga Portugal,Rio Ave,FC Porto,Victoire FC Porto,2,Équilibré,66,"Plus de 2,5 buts",O2.5,53,0-2 · 0-1 · 1-2,47,13.9,20.4,65.7,53.1,,,,False,https://media.api-sports.io/football/teams/226.png,https://media.api-sports.io/football/teams/212.png,19:30
2026-08-09T05:50:59+00:00,1558591,2026-08-15,Jupiler Pro League,Union St. Gilloise,Zulte Waregem,Victoire Union St. Gilloise,1,Audacieux,58,"Moins de 2,5 buts",U2.5,50,1-0 · 2-0 · 1-1,49,58.4,23.1,18.5,49.8,,,,False,https://media.api-sports.io/football/teams/1393.png,https://media.api-sports.io/football/teams/600.png,14:00
2026-08-09T05:50:59+00:00,1558594,2026-08-15,Jupiler Pro League,OH Leuven,Club Brugge KV,Victoire Club Brugge KV,2,Équilibré,70,"Plus de 2,5 buts",O2.5,68,1-2 · 0-2 · 1-3,58,13.3,16.9,69.8,68.0,,,,False,https://media.api-sports.io/football/teams/260.png,https://media.api-sports.io/football/teams/569.png,18:45
2026-08-09T05:50:59+00:00,1558593,2026-08-15,Jupiler Pro League,Genk,KVC Westerlo,Genk ou nul (1X),1X,Équilibré,74,"Plus de 2,5 buts",O2.5,52,1-1 · 1-0 · 2-1,54,49.2,24.5,26.3,52.2,,,,False,https://media.api-sports.io/football/teams/742.png,https://media.api-sports.io/football/teams/261.png,18:45
2026-08-09T05:50:59+00:00,1584374,2026-08-15,Süper Lig,Konyaspor,Rizespor,Konyaspor ou nul (1X),1X,Équilibré,66,"Plus de 2,5 buts",O2.5,61,1-1 · 2-1 · 1-2,63,42.9,23.5,33.6,60.8,,,,False,https://media.api-sports.io/football/teams/607.png,https://media.api-sports.io/football/teams/1007.png,16:00
2026-08-09T05:50:59+00:00,1584373,2026-08-15,Süper Lig,Kasımpaşa,Trabzonspor,Trabzonspor ou nul (X2),X2,Équilibré,71,"Plus de 2,5 buts",O2.5,57,1-1 · 1-2 · 0-1,59,28.8,23.9,47.3,56.8,,,,False,https://media.api-sports.io/football/teams/1004.png,https://media.api-sports.io/football/teams/998.png,16:00
2026-08-09T05:50:59+00:00,1584372,2026-08-15,Süper Lig,Gençlerbirliği S.K.,Fenerbahçe,Victoire Fenerbahçe,2,Audacieux,56,"Plus de 2,5 buts",O2.5,62,1-2 · 1-1 · 0-2,61,22.9,21.6,55.6,62.4,,,,False,https://media.api-sports.io/football/teams/997.png,https://media.api-sports.io/football/teams/611.png,18:30
2026-08-09T05:50:59+00:00,1584371,2026-08-15,Süper Lig,Gaziantep FK,Alanyaspor,Alanyaspor ou nul (X2),X2,Audacieux,65,"Plus de 2,5 buts",O2.5,55,1-1 · 1-2 · 0-1,58,35.2,24.9,39.9,54.7,,,,False,https://media.api-sports.io/football/teams/3573.png,https://media.api-sports.io/football/teams/996.png,18:30
2026-08-09T05:50:59+00:00,1492334,2026-08-15,Brésil Série A,Fluminense,Palmeiras,Palmeiras ou nul (X2),X2,Équilibré,71,"Moins de 2,5 buts",U2.5,51,1-1 · 0-1 · 1-2,53,29.1,25.7,45.2,49.1,,,,False,https://media.api-sports.io/football/teams/124.png,https://media.api-sports.io/football/teams/121.png,19:30
2026-08-09T05:50:59+00:00,1492331,2026-08-15,Brésil Série A,Atletico-MG,Gremio,Atletico-MG ou nul (1X),1X,Équilibré,72,"Moins de 2,5 buts",U2.5,52,1-1 · 1-0 · 2-1,52,45.7,25.9,28.4,48.0,,,,False,https://media.api-sports.io/football/teams/1062.png,https://media.api-sports.io/football/teams/130.png,19:30
2026-08-09T05:50:59+00:00,1492330,2026-08-15,Brésil Série A,Atletico Paranaense,RB Bragantino,Atletico Paranaense ou nul (1X),1X,Équilibré,73,"Moins de 2,5 buts",U2.5,56,1-1 · 1-0 · 2-1,48,46.8,26.6,26.6,44.2,,,,False,https://media.api-sports.io/football/teams/134.png,https://media.api-sports.io/football/teams/794.png,21:30
2026-08-09T05:50:59+00:00,1490376,2026-08-15,MLS,Orlando City SC,FC Cincinnati,Orlando City SC ou nul (1X),1X,Équilibré,67,"Plus de 2,5 buts",O2.5,87,2-2 · 3-2 · 2-1,83,48.8,18.2,33.1,86.9,,,,False,https://media.api-sports.io/football/teams/1598.png,https://media.api-sports.io/football/teams/2242.png,23:30
2026-08-09T05:50:59+00:00,1490379,2026-08-15,MLS,Toronto FC,New England Revolution,New England Revolution ou nul (X2),X2,Audacieux,64,"Moins de 2,5 buts",U2.5,54,1-1 · 0-1 · 1-0,51,35.8,27.0,37.3,45.8,,,,False,https://media.api-sports.io/football/teams/1601.png,https://media.api-sports.io/football/teams/1609.png,23:30
2026-08-09T05:50:59+00:00,1490377,2026-08-15,MLS,Atlanta United FC,New York Red Bulls,Atlanta United FC ou nul (1X),1X,Équilibré,68,"Plus de 2,5 buts",O2.5,57,1-1 · 2-1 · 1-0,59,43.8,24.2,32.0,56.9,,,,False,https://media.api-sports.io/football/teams/1608.png,https://media.api-sports.io/football/teams/1602.png,23:30
2026-08-09T05:50:59+00:00,1490380,2026-08-15,MLS,CF Montreal,DC United,CF Montreal ou nul (1X),1X,Équilibré,67,"Plus de 2,5 buts",O2.5,51,1-1 · 1-0 · 2-1,55,41.9,25.5,32.6,51.2,,,,False,https://media.api-sports.io/football/teams/1614.png,https://media.api-sports.io/football/teams/1615.png,23:30
2026-08-09T05:50:59+00:00,1490378,2026-08-15,MLS,Charlotte,Columbus Crew,Charlotte ou nul (1X),1X,Équilibré,75,"Plus de 2,5 buts",O2.5,54,1-1 · 1-0 · 2-1,56,51.2,23.8,25.1,54.5,,,,False,https://media.api-sports.io/football/teams/18310.png,https://media.api-sports.io/football/teams/1613.png,23:30
2026-08-09T05:50:59+00:00,1494736,2026-08-15,Norvège Eliteserien,KFUM Oslo,Lillestrom,Lillestrom ou nul (X2),X2,Équilibré,70,"Moins de 2,5 buts",U2.5,52,1-1 · 0-1 · 1-2,52,29.8,26.0,44.2,48.2,,,,False,https://media.api-sports.io/football/teams/2143.png,https://media.api-sports.io/football/teams/321.png,14:00
2026-08-09T05:50:59+00:00,1494248,2026-08-15,Suède Allsvenskan,Mjallby AIF,Sirius,Sirius ou nul (X2),X2,Équilibré,66,"Plus de 2,5 buts",O2.5,67,1-1 · 1-2 · 2-1,67,34.3,22.4,43.3,66.7,,,,False,https://media.api-sports.io/football/teams/2240.png,https://media.api-sports.io/football/teams/370.png,13:00
2026-08-10T06:14:44+00:00,1570338,2026-08-16,La Liga,Espanyol,Levante,Espanyol ou nul (1X),1X,Audacieux,65,"Plus de 2,5 buts",O2.5,53,1-1 · 1-0 · 2-1,57,39.5,25.2,35.3,53.4,,,,False,https://media.api-sports.io/football/teams/540.png,https://media.api-sports.io/football/teams/539.png,17:00
2026-08-10T06:14:44+00:00,1570336,2026-08-16,La Liga,Celta Vigo,Osasuna,Celta Vigo ou nul (1X),1X,Équilibré,74,"Plus de 2,5 buts",O2.5,55,1-1 · 2-1 · 1-0,57,50.3,23.8,25.9,55.3,,,,False,https://media.api-sports.io/football/teams/538.png,https://media.api-sports.io/football/teams/727.png,19:30
2026-08-10T06:14:44+00:00,1552132,2026-08-16,Eredivisie,Feyenoord,GO Ahead Eagles,Victoire Feyenoord,1,Audacieux,58,"Plus de 2,5 buts",O2.5,61,2-1 · 1-1 · 2-0,59,57.9,21.2,20.9,61.5,,,,False,https://media.api-sports.io/football/teams/209.png,https://media.api-sports.io/football/teams/410.png,12:30
2026-08-10T06:14:44+00:00,1552133,2026-08-16,Eredivisie,Twente,PEC Zwolle,Victoire Twente,1,Équilibré,72,"Plus de 2,5 buts",O2.5,69,2-0 · 2-1 · 3-0,58,71.8,16.1,12.1,68.8,,,,False,https://media.api-sports.io/football/teams/415.png,https://media.api-sports.io/football/teams/193.png,12:30
2026-08-10T06:14:44+00:00,1552134,2026-08-16,Eredivisie,Ajax,Heerenveen,Victoire Ajax,1,Audacieux,59,"Plus de 2,5 buts",O2.5,59,1-1 · 2-1 · 1-0,56,58.7,21.5,19.8,58.6,,,,False,https://media.api-sports.io/football/teams/194.png,https://media.api-sports.io/football/teams/210.png,14:45
2026-08-10T06:14:44+00:00,1575461,2026-08-16,Liga Portugal,Nacional,Estoril,Nacional ou nul (1X),1X,Audacieux,64,"Plus de 2,5 buts",O2.5,56,1-1 · 2-1 · 1-2,59,38.9,24.7,36.5,55.9,,,,False,https://media.api-sports.io/football/teams/225.png,https://media.api-sports.io/football/teams/230.png,14:30
2026-08-10T06:14:44+00:00,1575458,2026-08-16,Liga Portugal,SC Braga,GIL Vicente,Victoire SC Braga,1,Audacieux,55,"Plus de 2,5 buts",O2.5,60,1-1 · 2-1 · 1-0,59,55.4,22.1,22.6,59.5,,,,False,https://media.api-sports.io/football/teams/217.png,https://media.api-sports.io/football/teams/762.png,19:30
2026-08-10T06:14:44+00:00,1575459,2026-08-16,Liga Portugal,Casa Pia,Benfica,Victoire Benfica,2,Équilibré,69,"Plus de 2,5 buts",O2.5,57,0-2 · 0-1 · 1-2,48,12.2,18.6,69.2,56.7,,,,False,https://media.api-sports.io/football/teams/4716.png,https://media.api-sports.io/football/teams/211.png,19:30
2026-08-10T06:14:44+00:00,1558596,2026-08-16,Jupiler Pro League,RAAL La Louvière,Gent,Gent ou nul (X2),X2,Équilibré,66,"Moins de 2,5 buts",U2.5,55,1-1 · 0-1 · 1-0,50,34.4,27.2,38.5,44.8,,,,False,https://media.api-sports.io/football/teams/5902.png,https://media.api-sports.io/football/teams/631.png,14:00
2026-08-10T06:14:44+00:00,1558597,2026-08-16,Jupiler Pro League,KV Mechelen,Standard Liege,Standard Liege ou nul (X2),X2,Équilibré,69,"Moins de 2,5 buts",U2.5,54,1-1 · 0-1 · 1-0,51,31.4,26.6,42.0,46.4,,,,False,https://media.api-sports.io/football/teams/266.png,https://media.api-sports.io/football/teams/733.png,16:30
2026-08-10T06:14:44+00:00,1584368,2026-08-16,Süper Lig,Başakşehir,Kocaelispor,Victoire Başakşehir,1,Audacieux,61,"Moins de 2,5 buts",U2.5,58,1-0 · 2-0 · 1-1,40,61.1,23.9,15.0,41.7,,,,False,https://media.api-sports.io/football/teams/564.png,https://media.api-sports.io/football/teams/7411.png,16:00
2026-08-10T06:14:44+00:00,1584369,2026-08-16,Süper Lig,Beşiktaş,Eyüpspor,Victoire Beşiktaş,1,Audacieux,56,"Plus de 2,5 buts",O2.5,56,1-1 · 1-0 · 2-1,55,56.3,22.5,21.2,55.8,,,,False,https://media.api-sports.io/football/teams/549.png,https://media.api-sports.io/football/teams/3588.png,18:30
2026-08-10T06:14:44+00:00,1492337,2026-08-16,Brésil Série A,Sao Paulo,Coritiba,Sao Paulo ou nul (1X),1X,Équilibré,68,"Plus de 2,5 buts",O2.5,52,1-1 · 1-0 · 2-1,56,42.9,25.2,31.9,52.5,,,,False,https://media.api-sports.io/football/teams/126.png,https://media.api-sports.io/football/teams/147.png,00:00
2026-08-10T06:14:44+00:00,1492332,2026-08-16,Brésil Série A,Chapecoense-sc,Bahia,Victoire Bahia,2,Audacieux,58,"Plus de 2,5 buts",O2.5,61,1-2 · 1-1 · 0-2,59,20.9,21.3,57.9,61.2,,,,False,https://media.api-sports.io/football/teams/132.png,https://media.api-sports.io/football/teams/118.png,14:00
2026-08-10T06:14:44+00:00,1492338,2026-08-16,Brésil Série A,Vasco DA Gama,Santos,Santos ou nul (X2),X2,Audacieux,63,"Plus de 2,5 buts",O2.5,64,1-1 · 1-2 · 2-1,65,37.5,23.0,39.5,64.3,,,,False,https://media.api-sports.io/football/teams/133.png,https://media.api-sports.io/football/teams/128.png,19:00
2026-08-10T06:14:44+00:00,1492339,2026-08-16,Brésil Série A,Vitoria,Botafogo,Botafogo ou nul (X2),X2,Équilibré,69,"Plus de 2,5 buts",O2.5,53,1-1 · 0-1 · 1-2,56,30.5,25.0,44.5,52.9,,,,False,https://media.api-sports.io/football/teams/136.png,https://media.api-sports.io/football/teams/120.png,21:30
2026-08-10T06:14:44+00:00,1492336,2026-08-16,Brésil Série A,Mirassol,Flamengo,Flamengo ou nul (X2),X2,Sûr,77,"Plus de 2,5 buts",O2.5,55,1-1 · 0-1 · 1-2,55,22.6,23.1,54.2,54.9,,,,False,https://media.api-sports.io/football/teams/7848.png,https://media.api-sports.io/football/teams/127.png,21:30
2026-08-10T06:14:44+00:00,1492333,2026-08-16,Brésil Série A,Corinthians,Cruzeiro,Corinthians ou nul (1X),1X,Équilibré,69,"Moins de 2,5 buts",U2.5,55,1-1 · 1-0 · 0-1,50,41.8,26.9,31.3,45.3,,,,False,https://media.api-sports.io/football/teams/131.png,https://media.api-sports.io/football/teams/135.png,22:30
2026-08-10T06:14:44+00:00,1493073,2026-08-16,Argentine Liga Profesional,River Plate,Argentinos JRS,Argentinos JRS ou nul (X2),X2,Équilibré,68,"Plus de 2,5 buts",O2.5,53,1-1 · 0-1 · 1-2,56,32.1,25.1,42.9,53.1,,,,False,https://media.api-sports.io/football/teams/435.png,https://media.api-sports.io/football/teams/458.png,20:00
2026-08-10T06:14:44+00:00,1493072,2026-08-16,Argentine Liga Profesional,Racing Club,Banfield,Racing Club ou nul (1X),1X,Équilibré,69,"Moins de 2,5 buts",U2.5,54,1-1 · 1-0 · 0-1,51,42.9,26.6,30.6,46.3,,,,False,https://media.api-sports.io/football/teams/436.png,https://media.api-sports.io/football/teams/449.png,20:00
2026-08-10T06:14:44+00:00,1493076,2026-08-16,Argentine Liga Profesional,Velez Sarsfield,Defensa Y Justicia,Velez Sarsfield ou nul (1X),1X,Équilibré,70,"Moins de 2,5 buts",U2.5,51,1-1 · 1-0 · 2-1,53,44.2,25.9,29.9,48.7,,,,False,https://media.api-sports.io/football/teams/438.png,https://media.api-sports.io/football/teams/442.png,20:00
2026-08-10T06:14:44+00:00,1493064,2026-08-16,Argentine Liga Profesional,Belgrano Cordoba,Independ. Rivadavia,Independ. Rivadavia ou nul (X2),X2,Équilibré,67,"Moins de 2,5 buts",U2.5,51,1-1 · 0-1 · 1-0,53,32.6,26.1,41.2,48.7,,,,False,https://media.api-sports.io/football/teams/440.png,https://media.api-sports.io/football/teams/473.png,20:00
2026-08-10T06:14:44+00:00,1493069,2026-08-16,Argentine Liga Profesional,Lanus,Independiente,Independiente ou nul (X2),X2,Équilibré,69,"Plus de 2,5 buts",O2.5,51,1-1 · 0-1 · 1-2,55,30.8,25.4,43.9,51.2,,,,False,https://media.api-sports.io/football/teams/446.png,https://media.api-sports.io/football/teams/453.png,20:00
2026-08-10T06:14:44+00:00,1493066,2026-08-16,Argentine Liga Profesional,Estudiantes L.P.,Gimnasia L.P.,Estudiantes L.P. ou nul (1X),1X,Équilibré,67,"Moins de 2,5 buts",U2.5,59,1-1 · 1-0 · 0-1,47,38.4,28.2,33.4,40.8,,,,False,https://media.api-sports.io/football/teams/450.png,https://media.api-sports.io/football/teams/434.png,20:00
2026-08-10T06:14:44+00:00,1493070,2026-08-16,Argentine Liga Profesional,Newells Old Boys,Deportivo Riestra,Deportivo Riestra ou nul (X2),X2,Sûr,78,"Moins de 2,5 buts",U2.5,60,0-1 · 1-1 · 0-2,44,22.0,26.8,51.2,40.3,,,,False,https://media.api-sports.io/football/teams/457.png,https://media.api-sports.io/football/teams/476.png,20:00
2026-08-10T06:14:44+00:00,1493074,2026-08-16,Argentine Liga Profesional,San Lorenzo,Union Santa Fe,Union Santa Fe ou nul (X2),X2,Équilibré,69,"Moins de 2,5 buts",U2.5,52,1-1 · 0-1 · 1-2,53,31.1,26.1,42.8,48.2,,,,False,https://media.api-sports.io/football/teams/460.png,https://media.api-sports.io/football/teams/441.png,20:00
2026-08-10T06:14:44+00:00,1493062,2026-08-16,Argentine Liga Profesional,Aldosivi,Tigre,Tigre ou nul (X2),X2,Sûr,78,"Moins de 2,5 buts",U2.5,66,0-1 · 1-1 · 0-0,39,22.2,28.7,49.1,34.4,,,,False,https://media.api-sports.io/football/teams/463.png,https://media.api-sports.io/football/teams/452.png,20:00
2026-08-10T06:14:44+00:00,1493075,2026-08-16,Argentine Liga Profesional,Sarmiento Junin,Huracan,Victoire Huracan,2,Audacieux,57,"Plus de 2,5 buts",O2.5,52,0-1 · 1-1 · 0-2,51,19.5,23.0,57.5,51.5,,,,False,https://media.api-sports.io/football/teams/474.png,https://media.api-sports.io/football/teams/445.png,20:00
2026-08-10T06:14:44+00:00,1493071,2026-08-16,Argentine Liga Profesional,Platense,Boca Juniors,Victoire Boca Juniors,2,Audacieux,63,"Plus de 2,5 buts",O2.5,51,0-1 · 0-2 · 1-1,48,15.7,21.7,62.7,51.1,,,,False,https://media.api-sports.io/football/teams/1064.png,https://media.api-sports.io/football/teams/451.png,20:00
2026-08-10T06:14:44+00:00,1493065,2026-08-16,Argentine Liga Profesional,Central Cordoba de Santiago,Instituto Cordoba,Instituto Cordoba ou nul (X2),X2,Équilibré,73,"Moins de 2,5 buts",U2.5,57,1-1 · 0-1 · 1-0,48,27.1,27.0,45.9,43.1,,,,False,https://media.api-sports.io/football/teams/1065.png,https://media.api-sports.io/football/teams/478.png,20:00
2026-08-10T06:14:44+00:00,1493068,2026-08-16,Argentine Liga Profesional,Gimnasia M.,Talleres Cordoba,Talleres Cordoba ou nul (X2),X2,Équilibré,74,"Moins de 2,5 buts",U2.5,63,0-1 · 1-1 · 0-0,42,25.7,28.7,45.6,36.7,,,,False,https://media.api-sports.io/football/teams/1066.png,https://media.api-sports.io/football/teams/456.png,20:00
2026-08-10T06:14:44+00:00,1493067,2026-08-16,Argentine Liga Profesional,Estudiantes de Rio Cuarto,Atletico Tucuman,Victoire Atletico Tucuman,2,Audacieux,58,"Moins de 2,5 buts",U2.5,60,0-1 · 0-2 · 1-1,41,17.1,25.2,57.7,40.5,,,,False,https://media.api-sports.io/football/teams/2424.png,https://media.api-sports.io/football/teams/455.png,20:00
2026-08-10T06:14:44+00:00,1493063,2026-08-16,Argentine Liga Profesional,Barracas Central,Rosario Central,Rosario Central ou nul (X2),X2,Équilibré,72,"Moins de 2,5 buts",U2.5,57,1-1 · 0-1 · 1-0,48,27.8,27.1,45.1,42.9,,,,False,https://media.api-sports.io/football/teams/2432.png,https://media.api-sports.io/football/teams/437.png,20:00
2026-08-10T06:14:44+00:00,1490382,2026-08-16,MLS,Houston Dynamo,Los Angeles Galaxy,Houston Dynamo ou nul (1X),1X,Sûr,77,"Plus de 2,5 buts",O2.5,54,1-1 · 1-0 · 2-1,55,53.3,23.4,23.2,54.3,,,,False,https://media.api-sports.io/football/teams/1600.png,https://media.api-sports.io/football/teams/1605.png,00:30
2026-08-10T06:14:44+00:00,1490381,2026-08-16,MLS,Nashville SC,Inter Miami,Nashville SC ou nul (1X),1X,Équilibré,72,"Plus de 2,5 buts",O2.5,64,1-1 · 2-1 · 1-0,64,49.9,22.2,27.9,64.4,,,,False,https://media.api-sports.io/football/teams/9569.png,https://media.api-sports.io/football/teams/9568.png,00:30
2026-08-10T06:14:44+00:00,1490384,2026-08-16,MLS,Real Salt Lake,Minnesota United FC,Real Salt Lake ou nul (1X),1X,Équilibré,74,"Moins de 2,5 buts",U2.5,52,1-1 · 1-0 · 2-1,51,48.7,25.5,25.8,47.9,,,,False,https://media.api-sports.io/football/teams/1606.png,https://media.api-sports.io/football/teams/1612.png,01:30
2026-08-10T06:14:44+00:00,1490385,2026-08-16,MLS,Colorado Rapids,Sporting Kansas City,Victoire Colorado Rapids,1,Équilibré,69,"Plus de 2,5 buts",O2.5,66,2-0 · 2-1 · 1-0,57,68.7,17.5,13.8,66.0,,,,False,https://media.api-sports.io/football/teams/1610.png,https://media.api-sports.io/football/teams/1611.png,01:30
2026-08-10T06:14:44+00:00,1490387,2026-08-16,MLS,San Jose Earthquakes,St. Louis City,San Jose Earthquakes ou nul (1X),1X,Équilibré,74,"Plus de 2,5 buts",O2.5,60,1-1 · 2-1 · 1-0,61,50.8,22.8,26.5,60.4,,,,False,https://media.api-sports.io/football/teams/1596.png,https://media.api-sports.io/football/teams/20787.png,02:30
2026-08-10T06:14:44+00:00,1490386,2026-08-16,MLS,Los Angeles FC,San Diego,Victoire Los Angeles FC,1,Audacieux,61,"Plus de 2,5 buts",O2.5,61,2-1 · 1-1 · 2-0,57,61.1,20.5,18.5,61.2,,,,False,https://media.api-sports.io/football/teams/1616.png,https://media.api-sports.io/football/teams/25484.png,02:30
2026-08-10T06:14:44+00:00,1490388,2026-08-16,MLS,New York City FC,Philadelphia Union,Victoire New York City FC,1,Audacieux,57,"Plus de 2,5 buts",O2.5,58,1-1 · 2-1 · 1-0,57,56.6,22.0,21.4,58.4,,,,False,https://media.api-sports.io/football/teams/1604.png,https://media.api-sports.io/football/teams/1599.png,22:00
2026-08-10T06:14:44+00:00,1490389,2026-08-16,MLS,Chicago Fire,Portland Timbers,Chicago Fire ou nul (1X),1X,Équilibré,73,"Plus de 2,5 buts",O2.5,71,2-1 · 1-1 · 2-2,69,52.0,20.8,27.2,70.7,,,,False,https://media.api-sports.io/football/teams/1607.png,https://media.api-sports.io/football/teams/1617.png,22:00
2026-08-10T06:14:44+00:00,1494733,2026-08-16,Norvège Eliteserien,Aalesund,Valerenga,Aalesund ou nul (1X),1X,Audacieux,63,"Plus de 2,5 buts",O2.5,73,1-1 · 2-1 · 1-2,72,41.4,21.3,37.3,73.1,,,,False,https://media.api-sports.io/football/teams/757.png,https://media.api-sports.io/football/teams/326.png,12:30
2026-08-10T06:14:44+00:00,1494734,2026-08-16,Norvège Eliteserien,Brann,Ham-Kam,Victoire Brann,1,Audacieux,62,"Plus de 2,5 buts",O2.5,73,2-1 · 3-1 · 1-1,67,62.5,18.4,19.1,72.5,,,,False,https://media.api-sports.io/football/teams/319.png,https://media.api-sports.io/football/teams/2159.png,15:00
2026-08-10T06:14:44+00:00,1494737,2026-08-16,Norvège Eliteserien,Molde,Tromso,Molde ou nul (1X),1X,Équilibré,67,"Plus de 2,5 buts",O2.5,56,1-1 · 2-1 · 1-0,59,42.3,24.5,33.2,56.0,,,,False,https://media.api-sports.io/football/teams/329.png,https://media.api-sports.io/football/teams/325.png,15:00
2026-08-10T06:14:44+00:00,1494739,2026-08-16,Norvège Eliteserien,Sarpsborg 08 FF,Sandefjord,Sarpsborg 08 FF ou nul (1X),1X,Équilibré,75,"Moins de 2,5 buts",U2.5,58,1-0 · 1-1 · 0-0,46,47.7,27.0,25.3,41.8,,,,False,https://media.api-sports.io/football/teams/333.png,https://media.api-sports.io/football/teams/332.png,15:00
2026-08-10T06:14:44+00:00,1494735,2026-08-16,Norvège Eliteserien,Fredrikstad,Kristiansund BK,Fredrikstad ou nul (1X),1X,Sûr,76,"Moins de 2,5 buts",U2.5,57,1-0 · 1-1 · 2-0,47,49.8,26.3,23.9,43.5,,,,False,https://media.api-sports.io/football/teams/2149.png,https://media.api-sports.io/football/teams/320.png,17:15
2026-08-10T06:14:44+00:00,1494243,2026-08-16,Suède Allsvenskan,Djurgardens IF,AIK Stockholm,Djurgardens IF ou nul (1X),1X,Sûr,78,"Plus de 2,5 buts",O2.5,50,1-0 · 1-1 · 2-0,51,54.0,24.1,22.0,50.3,,,,False,https://media.api-sports.io/football/teams/364.png,https://media.api-sports.io/football/teams/377.png,12:00
2026-08-10T06:14:44+00:00,1494241,2026-08-16,Suède Allsvenskan,IF Brommapojkarna,Orgryte IS,Victoire IF Brommapojkarna,1,Audacieux,60,"Plus de 2,5 buts",O2.5,59,2-1 · 1-1 · 2-0,56,60.4,21.0,18.6,59.0,,,,False,https://media.api-sports.io/football/teams/371.png,https://media.api-sports.io/football/teams/2166.png,12:00
2026-08-10T06:14:44+00:00,1494242,2026-08-16,Suède Allsvenskan,Degerfors IF,IFK Goteborg,Degerfors IF ou nul (1X),1X,Audacieux,64,"Plus de 2,5 buts",O2.5,51,1-1 · 1-0 · 0-1,55,37.8,25.8,36.5,50.8,,,,False,https://media.api-sports.io/football/teams/2172.png,https://media.api-sports.io/football/teams/366.png,12:00
2026-08-10T06:14:44+00:00,1494247,2026-08-16,Suède Allsvenskan,Kalmar FF,Hammarby FF,Hammarby FF ou nul (X2),X2,Sûr,75,"Plus de 2,5 buts",O2.5,54,1-1 · 0-1 · 1-2,55,24.6,23.9,51.5,53.7,,,,False,https://media.api-sports.io/football/teams/374.png,https://media.api-sports.io/football/teams/363.png,14:30
2026-08-10T06:14:44+00:00,1494245,2026-08-16,Suède Allsvenskan,Gais,Malmo FF,Gais ou nul (1X),1X,Équilibré,71,"Plus de 2,5 buts",O2.5,52,1-1 · 1-0 · 2-1,55,45.5,25.1,29.4,51.9,,,,False,https://media.api-sports.io/football/teams/2170.png,https://media.api-sports.io/football/teams/375.png,14:30
2026-08-11T05:57:03+00:00,1575457,2026-08-17,Liga Portugal,Arouca,Moreirense,Arouca ou nul (1X),1X,Équilibré,73,"Plus de 2,5 buts",O2.5,58,1-1 · 2-1 · 1-0,59,49.8,23.3,26.9,58.0,,,,False,https://media.api-sports.io/football/teams/240.png,https://media.api-sports.io/football/teams/215.png,19:15
2026-08-11T05:57:03+00:00,1584375,2026-08-17,Süper Lig,Samsunspor,Göztepe,Samsunspor ou nul (1X),1X,Équilibré,69,"Plus de 2,5 buts",O2.5,53,1-1 · 1-0 · 2-1,56,43.5,25.0,31.5,53.1,,,,False,https://media.api-sports.io/football/teams/3603.png,https://media.api-sports.io/football/teams/994.png,18:30
2026-08-11T05:57:03+00:00,1492335,2026-08-17,Brésil Série A,Internacional,Remo,Internacional ou nul (1X),1X,Équilibré,67,"Plus de 2,5 buts",O2.5,56,1-1 · 2-1 · 1-0,59,42.7,24.5,32.9,56.2,,,,False,https://media.api-sports.io/football/teams/119.png,https://media.api-sports.io/football/teams/1198.png,23:00
2026-08-11T05:57:03+00:00,1490383,2026-08-17,MLS,Austin,FC Dallas,FC Dallas ou nul (X2),X2,Équilibré,70,"Plus de 2,5 buts",O2.5,65,1-1 · 1-2 · 2-1,65,30.5,22.5,47.1,64.7,,,,False,https://media.api-sports.io/football/teams/16489.png,https://media.api-sports.io/football/teams/1597.png,00:30
2026-08-11T05:57:03+00:00,1490390,2026-08-17,MLS,Seattle Sounders,Vancouver Whitecaps,Vancouver Whitecaps ou nul (X2),X2,Équilibré,73,"Plus de 2,5 buts",O2.5,54,1-1 · 0-1 · 1-2,56,27.0,24.2,48.9,54.4,,,,False,https://media.api-sports.io/football/teams/1595.png,https://media.api-sports.io/football/teams/1603.png,02:30
2026-08-11T05:57:03+00:00,1494246,2026-08-17,Suède Allsvenskan,BK Hacken,Halmstad,Victoire BK Hacken,1,Équilibré,70,"Plus de 2,5 buts",O2.5,63,2-0 · 2-1 · 1-0,54,70.3,17.3,12.4,63.4,,,,False,https://media.api-sports.io/football/teams/367.png,https://media.api-sports.io/football/teams/766.png,17:00
2026-08-13T06:21:07+00:00,1490395,2026-08-19,MLS,Orlando City SC,Chicago Fire,Orlando City SC ou nul (1X),1X,Audacieux,64,"Plus de 2,5 buts",O2.5,75,2-1 · 1-1 · 2-2,74,43.3,20.8,35.9,75.1,,,,False,https://media.api-sports.io/football/teams/1598.png,https://media.api-sports.io/football/teams/1607.png,23:30
2026-08-13T06:21:07+00:00,1490391,2026-08-19,MLS,Philadelphia Union,Inter Miami,Inter Miami ou nul (X2),X2,Équilibré,67,"Plus de 2,5 buts",O2.5,74,1-2 · 1-1 · 2-2,72,32.6,20.9,46.5,73.7,,,,False,https://media.api-sports.io/football/teams/1599.png,https://media.api-sports.io/football/teams/9568.png,23:30
2026-08-13T06:21:07+00:00,1490396,2026-08-19,MLS,Toronto FC,Charlotte,Toronto FC ou nul (1X),1X,Audacieux,63,"Moins de 2,5 buts",U2.5,51,1-1 · 1-0 · 0-1,54,37.2,26.2,36.6,49.0,,,,False,https://media.api-sports.io/football/teams/1601.png,https://media.api-sports.io/football/teams/18310.png,23:30
2026-08-13T06:21:07+00:00,1490394,2026-08-19,MLS,New York Red Bulls,Nashville SC,Nashville SC ou nul (X2),X2,Sûr,75,"Plus de 2,5 buts",O2.5,53,1-1 · 0-1 · 1-2,54,24.7,24.1,51.2,52.7,,,,False,https://media.api-sports.io/football/teams/1602.png,https://media.api-sports.io/football/teams/9569.png,23:30
2026-08-13T06:21:07+00:00,1490393,2026-08-19,MLS,Columbus Crew,CF Montreal,Columbus Crew ou nul (1X),1X,Sûr,78,"Plus de 2,5 buts",O2.5,51,1-0 · 1-1 · 2-0,52,54.4,23.8,21.8,51.1,,,,False,https://media.api-sports.io/football/teams/1613.png,https://media.api-sports.io/football/teams/1614.png,23:30
2026-08-13T06:21:07+00:00,1490397,2026-08-19,MLS,DC United,New England Revolution,DC United ou nul (1X),1X,Audacieux,64,"Plus de 2,5 buts",O2.5,52,1-1 · 1-0 · 0-1,56,38.3,25.4,36.3,52.4,,,,False,https://media.api-sports.io/football/teams/1615.png,https://media.api-sports.io/football/teams/1609.png,23:30
2026-08-13T06:21:07+00:00,1490392,2026-08-19,MLS,FC Cincinnati,New York City FC,FC Cincinnati ou nul (1X),1X,Audacieux,65,"Plus de 2,5 buts",O2.5,75,2-1 · 1-1 · 2-2,74,44.2,20.7,35.1,75.4,,,,False,https://media.api-sports.io/football/teams/2242.png,https://media.api-sports.io/football/teams/1604.png,23:30
2026-08-14T06:19:35+00:00,1570351,2026-08-20,La Liga,Rayo Vallecano,Alaves,Rayo Vallecano ou nul (1X),1X,Équilibré,74,"Moins de 2,5 buts",U2.5,51,1-1 · 1-0 · 2-1,52,48.3,25.3,26.4,49.2,,,,False,https://media.api-sports.io/football/teams/728.png,https://media.api-sports.io/football/teams/542.png,19:00
2026-08-14T06:19:35+00:00,1490398,2026-08-20,MLS,Sporting Kansas City,St. Louis City,St. Louis City ou nul (X2),X2,Équilibré,73,"Plus de 2,5 buts",O2.5,62,1-1 · 1-2 · 0-1,63,27.3,22.5,50.2,62.4,,,,False,https://media.api-sports.io/football/teams/1611.png,https://media.api-sports.io/football/teams/20787.png,00:00
2026-08-14T06:19:35+00:00,1490399,2026-08-20,MLS,Minnesota United FC,Atlanta United FC,Victoire Minnesota United FC,1,Audacieux,55,"Moins de 2,5 buts",U2.5,55,1-0 · 1-1 · 2-0,46,55.0,24.9,20.1,45.1,,,,False,https://media.api-sports.io/football/teams/1612.png,https://media.api-sports.io/football/teams/1608.png,00:30
2026-08-14T06:19:35+00:00,1490401,2026-08-20,MLS,Seattle Sounders,Austin,Victoire Seattle Sounders,1,Audacieux,55,"Plus de 2,5 buts",O2.5,58,1-1 · 2-1 · 1-0,57,55.4,22.4,22.2,57.8,,,,False,https://media.api-sports.io/football/teams/1595.png,https://media.api-sports.io/football/teams/16489.png,01:30
2026-08-14T06:19:35+00:00,1490402,2026-08-20,MLS,Real Salt Lake,FC Dallas,Real Salt Lake ou nul (1X),1X,Équilibré,66,"Plus de 2,5 buts",O2.5,61,1-1 · 2-1 · 1-2,63,42.9,23.4,33.7,61.3,,,,False,https://media.api-sports.io/football/teams/1606.png,https://media.api-sports.io/football/teams/1597.png,01:30
2026-08-14T06:19:35+00:00,1490400,2026-08-20,MLS,Colorado Rapids,Los Angeles FC,Los Angeles FC ou nul (X2),X2,Équilibré,69,"Plus de 2,5 buts",O2.5,51,1-1 · 0-1 · 1-2,55,31.0,25.5,43.5,51.0,,,,False,https://media.api-sports.io/football/teams/1610.png,https://media.api-sports.io/football/teams/1616.png,01:30
2026-08-14T06:19:35+00:00,1490404,2026-08-20,MLS,Vancouver Whitecaps,Houston Dynamo,Victoire Vancouver Whitecaps,1,Audacieux,65,"Plus de 2,5 buts",O2.5,59,2-0 · 2-1 · 1-0,54,64.9,19.7,15.4,59.3,,,,False,https://media.api-sports.io/football/teams/1603.png,https://media.api-sports.io/football/teams/1600.png,02:30
2026-08-14T06:19:35+00:00,1490403,2026-08-20,MLS,Los Angeles Galaxy,San Jose Earthquakes,San Jose Earthquakes ou nul (X2),X2,Audacieux,62,"Plus de 2,5 buts",O2.5,61,1-1 · 1-2 · 2-1,63,37.6,23.5,38.9,61.4,,,,False,https://media.api-sports.io/football/teams/1605.png,https://media.api-sports.io/football/teams/1596.png,02:30
2026-08-14T06:19:35+00:00,1490405,2026-08-20,MLS,Portland Timbers,San Diego,Portland Timbers ou nul (1X),1X,Équilibré,70,"Plus de 2,5 buts",O2.5,68,1-1 · 2-1 · 1-2,67,47.7,21.9,30.4,67.6,,,,False,https://media.api-sports.io/football/teams/1617.png,https://media.api-sports.io/football/teams/25484.png,02:30
2026-08-15T05:30:26+00:00,1570345,2026-08-21,La Liga,Real Betis,Real Sociedad,Real Betis ou nul (1X),1X,Équilibré,74,"Plus de 2,5 buts",O2.5,70,2-1 · 1-1 · 2-2,68,53.0,20.7,26.3,70.3,,,,False,https://media.api-sports.io/football/teams/543.png,https://media.api-sports.io/football/teams/548.png,19:00
2026-08-15T05:30:27+00:00,1552733,2026-08-21,Ligue 1,Marseille,Strasbourg,Marseille ou nul (1X),1X,Équilibré,66,"Plus de 2,5 buts",O2.5,67,1-1 · 2-1 · 1-2,67,44.1,22.3,33.6,66.8,,,,False,https://media.api-sports.io/football/teams/81.png,https://media.api-sports.io/football/teams/95.png,18:45
2026-08-15T05:30:27+00:00,1558599,2026-08-21,Jupiler Pro League,Standard Liege,RAAL La Louvière,Standard Liege ou nul (1X),1X,Sûr,77,"Moins de 2,5 buts",U2.5,56,1-0 · 1-1 · 2-0,47,50.4,26.1,23.4,43.7,,,,False,https://media.api-sports.io/football/teams/733.png,https://media.api-sports.io/football/teams/5902.png,18:45
2026-08-15T05:30:27+00:00,1494255,2026-08-21,Suède Allsvenskan,Sirius,BK Hacken,Victoire Sirius,1,Équilibré,68,"Plus de 2,5 buts",O2.5,82,2-1 · 3-1 · 2-2,73,67.5,15.7,16.7,81.8,,,,False,https://media.api-sports.io/football/teams/370.png,https://media.api-sports.io/football/teams/367.png,17:00
2026-08-16T05:33:20+00:00,1557369,2026-08-22,Premier League,Everton,Crystal Palace,Everton ou nul (1X),1X,Équilibré,72,"Plus de 2,5 buts",O2.5,51,1-1 · 1-0 · 2-1,54,46.4,25.2,28.3,50.6,,,,False,https://media.api-sports.io/football/teams/45.png,https://media.api-sports.io/football/teams/52.png,14:00
2026-08-16T05:33:20+00:00,1557371,2026-08-22,Premier League,Nottingham Forest,Leeds,Nottingham Forest ou nul (1X),1X,Équilibré,72,"Plus de 2,5 buts",O2.5,52,1-1 · 1-0 · 2-1,55,46.9,24.9,28.2,51.9,,,,False,https://media.api-sports.io/football/teams/65.png,https://media.api-sports.io/football/teams/63.png,14:00
2026-08-16T05:33:20+00:00,1557372,2026-08-22,Premier League,Brentford,Tottenham,Brentford ou nul (1X),1X,Équilibré,74,"Plus de 2,5 buts",O2.5,56,1-1 · 2-1 · 1-0,57,50.8,23.6,25.5,55.5,,,,False,https://media.api-sports.io/football/teams/55.png,https://media.api-sports.io/football/teams/47.png,16:30
2026-08-16T05:33:20+00:00,1570343,2026-08-22,La Liga,Athletic Club,Sevilla,Athletic Club ou nul (1X),1X,Équilibré,69,"Plus de 2,5 buts",O2.5,54,1-1 · 2-1 · 1-0,57,44.6,24.7,30.8,54.4,,,,False,https://media.api-sports.io/football/teams/531.png,https://media.api-sports.io/football/teams/536.png,15:00
2026-08-16T05:33:20+00:00,1570352,2026-08-22,La Liga,Valencia,Celta Vigo,Valencia ou nul (1X),1X,Équilibré,65,"Plus de 2,5 buts",O2.5,56,1-1 · 2-1 · 1-0,59,40.9,24.5,34.6,56.2,,,,False,https://media.api-sports.io/football/teams/532.png,https://media.api-sports.io/football/teams/538.png,17:30
2026-08-16T05:33:20+00:00,1570347,2026-08-22,La Liga,Espanyol,Real Madrid,Victoire Real Madrid,2,Audacieux,57,"Plus de 2,5 buts",O2.5,55,1-1 · 0-1 · 1-2,54,20.5,22.5,57.0,55.1,,,,False,https://media.api-sports.io/football/teams/540.png,https://media.api-sports.io/football/teams/541.png,19:30
2026-08-16T05:33:20+00:00,1550095,2026-08-22,Serie A,Udinese,Como,Como ou nul (X2),X2,Sûr,79,"Moins de 2,5 buts",U2.5,52,0-1 · 1-1 · 0-2,49,21.1,24.3,54.7,48.5,,,,False,https://media.api-sports.io/football/teams/494.png,https://media.api-sports.io/football/teams/895.png,16:30
2026-08-16T05:33:20+00:00,1550091,2026-08-22,Serie A,Genoa,Napoli,Napoli ou nul (X2),X2,Sûr,78,"Moins de 2,5 buts",U2.5,54,0-1 · 1-1 · 0-2,48,21.7,25.0,53.3,46.2,,,,False,https://media.api-sports.io/football/teams/495.png,https://media.api-sports.io/football/teams/492.png,18:45
2026-08-16T05:33:20+00:00,1550093,2026-08-22,Serie A,Parma,Cagliari,Cagliari ou nul (X2),X2,Équilibré,68,"Moins de 2,5 buts",U2.5,62,1-1 · 0-1 · 1-0,44,32.2,29.1,38.7,37.5,,,,False,https://media.api-sports.io/football/teams/523.png,https://media.api-sports.io/football/teams/490.png,18:45
2026-08-16T05:33:20+00:00,1552732,2026-08-22,Ligue 1,Lens,Auxerre,Lens ou nul (1X),1X,Sûr,78,"Plus de 2,5 buts",O2.5,53,1-1 · 1-0 · 2-1,53,54.9,23.4,21.7,52.6,,,,False,https://media.api-sports.io/football/teams/116.png,https://media.api-sports.io/football/teams/108.png,15:15
2026-08-16T05:33:20+00:00,1552734,2026-08-22,Ligue 1,Nice,Lorient,Lorient ou nul (X2),X2,Équilibré,67,"Plus de 2,5 buts",O2.5,51,1-1 · 0-1 · 1-2,55,33.2,25.7,41.1,50.7,,,,False,https://media.api-sports.io/football/teams/84.png,https://media.api-sports.io/football/teams/97.png,18:45
2026-08-16T05:33:20+00:00,1552736,2026-08-22,Ligue 1,Toulouse,Lyon,Lyon ou nul (X2),X2,Audacieux,63,"Plus de 2,5 buts",O2.5,57,1-1 · 1-2 · 2-1,60,37.4,24.5,38.1,56.8,,,,False,https://media.api-sports.io/football/teams/96.png,https://media.api-sports.io/football/teams/80.png,18:45
2026-08-16T05:33:20+00:00,1552135,2026-08-22,Eredivisie,Fortuna Sittard,AZ Alkmaar,AZ Alkmaar ou nul (X2),X2,Équilibré,65,"Plus de 2,5 buts",O2.5,61,1-1 · 1-2 · 2-1,63,34.5,23.6,41.9,60.8,,,,False,https://media.api-sports.io/football/teams/205.png,https://media.api-sports.io/football/teams/201.png,14:30
2026-08-16T05:33:20+00:00,1552137,2026-08-22,Eredivisie,Sparta Rotterdam,Utrecht,Utrecht ou nul (X2),X2,Équilibré,72,"Plus de 2,5 buts",O2.5,54,1-1 · 0-1 · 1-2,57,28.0,24.3,47.7,54.4,,,,False,https://media.api-sports.io/football/teams/426.png,https://media.api-sports.io/football/teams/207.png,16:45
2026-08-16T05:33:20+00:00,1552136,2026-08-22,Eredivisie,NEC Nijmegen,Excelsior,Victoire NEC Nijmegen,1,Audacieux,60,"Plus de 2,5 buts",O2.5,68,2-1 · 1-1 · 2-0,64,59.9,19.8,20.4,67.8,,,,False,https://media.api-sports.io/football/teams/413.png,https://media.api-sports.io/football/teams/196.png,18:00
2026-08-16T05:33:20+00:00,1552138,2026-08-22,Eredivisie,Heerenveen,PEC Zwolle,Victoire Heerenveen,1,Audacieux,63,"Plus de 2,5 buts",O2.5,68,2-1 · 2-0 · 1-1,62,63.5,18.8,17.7,68.0,,,,False,https://media.api-sports.io/football/teams/210.png,https://media.api-sports.io/football/teams/193.png,19:00
2026-08-16T05:33:20+00:00,1558601,2026-08-22,Jupiler Pro League,Charleroi,KV Mechelen,Charleroi ou nul (1X),1X,Équilibré,75,"Plus de 2,5 buts",O2.5,50,1-1 · 1-0 · 2-1,53,50.1,24.7,25.1,50.5,,,,False,https://media.api-sports.io/football/teams/736.png,https://media.api-sports.io/football/teams/266.png,16:15
2026-08-16T05:33:20+00:00,1558603,2026-08-22,Jupiler Pro League,Gent,OH Leuven,Gent ou nul (1X),1X,Équilibré,71,"Moins de 2,5 buts",U2.5,56,1-1 · 1-0 · 0-1,49,44.2,26.9,28.8,44.2,,,,False,https://media.api-sports.io/football/teams/631.png,https://media.api-sports.io/football/teams/260.png,18:45
2026-08-16T05:33:20+00:00,1558602,2026-08-22,Jupiler Pro League,Antwerp,Genk,Genk ou nul (X2),X2,Équilibré,69,"Moins de 2,5 buts",U2.5,56,1-1 · 0-1 · 1-0,50,31.3,27.1,41.6,44.3,,,,False,https://media.api-sports.io/football/teams/740.png,https://media.api-sports.io/football/teams/742.png,18:45
2026-08-16T05:33:20+00:00,1492345,2026-08-22,Brésil Série A,Fluminense,Remo,Fluminense ou nul (1X),1X,Sûr,77,"Plus de 2,5 buts",O2.5,57,1-1 · 2-1 · 1-0,57,54.3,22.7,23.0,57.0,,,,False,https://media.api-sports.io/football/teams/124.png,https://media.api-sports.io/football/teams/1198.png,19:00
2026-08-16T05:33:20+00:00,1492346,2026-08-22,Brésil Série A,Internacional,Atletico-MG,Atletico-MG ou nul (X2),X2,Équilibré,67,"Plus de 2,5 buts",O2.5,50,1-1 · 0-1 · 1-2,54,33.0,25.8,41.2,50.3,,,,False,https://media.api-sports.io/football/teams/119.png,https://media.api-sports.io/football/teams/1062.png,21:30
2026-08-16T05:33:20+00:00,1492344,2026-08-22,Brésil Série A,Cruzeiro,Flamengo,Flamengo ou nul (X2),X2,Sûr,76,"Plus de 2,5 buts",O2.5,55,1-1 · 0-1 · 1-2,56,24.0,23.3,52.6,55.4,,,,False,https://media.api-sports.io/football/teams/135.png,https://media.api-sports.io/football/teams/127.png,23:30
2026-08-16T05:33:20+00:00,1490410,2026-08-22,MLS,Orlando City SC,Real Salt Lake,Orlando City SC ou nul (1X),1X,Équilibré,68,"Plus de 2,5 buts",O2.5,71,1-1 · 2-1 · 1-2,70,46.1,21.5,32.4,70.6,,,,False,https://media.api-sports.io/football/teams/1598.png,https://media.api-sports.io/football/teams/1606.png,23:30
2026-08-16T05:33:20+00:00,1490409,2026-08-22,MLS,New York Red Bulls,Chicago Fire,Chicago Fire ou nul (X2),X2,Audacieux,65,"Plus de 2,5 buts",O2.5,67,1-1 · 1-2 · 2-1,67,35.3,22.4,42.3,66.8,,,,False,https://media.api-sports.io/football/teams/1602.png,https://media.api-sports.io/football/teams/1607.png,23:30
2026-08-16T05:33:20+00:00,1490408,2026-08-22,MLS,CF Montreal,Los Angeles Galaxy,CF Montreal ou nul (1X),1X,Équilibré,68,"Plus de 2,5 buts",O2.5,51,1-1 · 1-0 · 2-1,55,42.7,25.5,31.8,51.2,,,,False,https://media.api-sports.io/football/teams/1614.png,https://media.api-sports.io/football/teams/1605.png,23:30
2026-08-16T05:33:20+00:00,1490407,2026-08-22,MLS,FC Cincinnati,Seattle Sounders,Victoire FC Cincinnati,1,Audacieux,56,"Plus de 2,5 buts",O2.5,74,2-1 · 1-1 · 3-1,70,56.2,19.6,24.2,73.6,,,,False,https://media.api-sports.io/football/teams/2242.png,https://media.api-sports.io/football/teams/1595.png,23:30
2026-08-16T05:33:20+00:00,1490406,2026-08-22,MLS,Inter Miami,Toronto FC,Victoire Inter Miami,1,Équilibré,73,"Plus de 2,5 buts",O2.5,74,2-1 · 2-0 · 3-1,62,72.7,15.2,12.1,73.9,,,,False,https://media.api-sports.io/football/teams/9568.png,https://media.api-sports.io/football/teams/1601.png,23:30
2026-08-16T05:33:20+00:00,1490411,2026-08-22,MLS,Charlotte,DC United,Victoire Charlotte,1,Audacieux,55,"Plus de 2,5 buts",O2.5,58,1-1 · 2-1 · 1-0,57,55.4,22.4,22.2,57.9,,,,False,https://media.api-sports.io/football/teams/18310.png,https://media.api-sports.io/football/teams/1615.png,23:30
2026-08-16T05:33:20+00:00,1494254,2026-08-22,Suède Allsvenskan,Orgryte IS,Halmstad,Orgryte IS ou nul (1X),1X,Équilibré,73,"Moins de 2,5 buts",U2.5,51,1-1 · 1-0 · 2-1,53,47.4,25.4,27.3,49.4,,,,False,https://media.api-sports.io/football/teams/2166.png,https://media.api-sports.io/football/teams/766.png,13:00
